"Proper Name, merged",original proper name,year,N/R/U,Applicant,BLA Number,Proprietary Name,BLA Type,Strength,Dosage Form,Route of Administration,Product Presentation,Status,Licensure,Approval Date,Ref. Product Proper Name,Ref. Product Proprietary Name,Supplement Number,Submission Type,License Number,Product Number,Center,Date of First Licensure,Exclusivity Expiration Date,First Interchangeable Exclusivity Exp. Date,Ref. Product Exclusivity Exp. Date,Orphan Exclusivity Exp. Date,,License Type,Marketing Status,Inter. Approval Date,Inter. Supplement Number,Patent List Provided
ofatumumab,ofatumumab,2020,N,Novartis Pharmaceuticals Corporation,125326,Kesimpta,351(a),20MG/0.4ML,Injection,Subcutaneous,Autoinjector|Pre-Filled Syringe,Rx,Licensed,8/20/2020,,,70,Supplement,1244,003|004,CDER,,,,,,,,,,,
"Influenza Vaccine, Adjuvanted","Influenza Vaccine, Adjuvanted",2020,N,Seqirus Inc.,125510,"Fluad,Fluad Quadrivalent",351(a),15UG/.5ML|45UG/.5ML,Injection,Intramuscular,Pre-Filled Syringe,Rx,Licensed,2/21/2020,,,143,Supplement,2049,001|002,CBER,11/24/2015,,,,,,,,,,
Coagulation Factor VIIa (Recombinant),Coagulation Factor VIIa (Recombinant),2020,N,Laboratoire Francais du Fractionnement et des Biotechnologies S.A.,125641,Sevenfact,351(a),1MG|5MG,Injection,Intravenous,Single-Dose Vial,Rx,Licensed,4/1/2020,,,0,Original Application,2061,001|002,CBER,3/25/1999,,,,,,,,,,
"Influenza A (H5N1) Monovalent Vaccine, Adjuvanted","Influenza A (H5N1) Monovalent Vaccine, Adjuvanted",2020,N,Seqirus Inc.,125692,Audenz,351(a),7.5HA UG/.5ML,Injection,Intramuscular,Pre-Filled Syringe,Disc,Licensed,1/31/2020,,,0,Original Application,2049,001,CBER,1/31/2020,,,,,,,,,,
Peanut (Arachis hypogaea) Allergen Powder,Peanut (Arachis hypogaea) Allergen Powder,2020,N,"Aimmune Therapeutics, Inc.",125696,Palforzia,351(a),0.5MG|1MG|10MG|20MG|100MG|300MG,Powder,Oral,Capsule|Sachet,Rx,Licensed,1/31/2020|01/31/2020,N/A,N/A,0,Original Application|Original,2109,001|002|003|004|005|006,CBER,1/31/2020,,,,,,,,,,
"Meningococcal (Groups A, C, Y, W) Conjugate Vaccine","Meningococcal (Groups A, C, Y, W) Conjugate Vaccine",2020,N,Sanofi Pasteur Inc.,125701,Menquadfi,351(a),0.5ML,Injection,Intramuscular,Single-Dose Vial,Rx,Licensed,4/23/2020,,,0,Original Application,1725,001,CBER,4/23/2020,,,,,,,,,,
Brexucabtagene Autoleucel,Brexucabtagene Autoleucel,2020,N,Kite Pharma Inc.,125703,Tecartus,351(a),2x10^6 CAR-positive viable T cells per kg body weight,For Injection,Intravenous,Bag,Rx,Licensed,7/24/2020,,,0,Original Application,2064,001,CBER,7/24/2020,,,,,,,,,,
emapalumab,emapalumab-lzsg,2020|2023,N,Swedish Orphan Biovitrum AB (publ),761107,Gamifant,351(a),100MG/20ML (5MG/ML)|50MG/2ML (25MG/ML)|100MG/4ML (25MG/ML)|250MG/10ML (25MG/ML),Injection,Intravenous,Single-Dose Vial,Rx,Licensed,"6/26/2020|June 07, 2023",N/A,N/A,4|15,Supplement,1859,003|004|005|006,CDER,,,,,"November 20, 2025",,,Rx,,,
satralizumab-mwge,satralizumab-mwge,2020,N,"Genentech, Inc.",761149,Enspryng,351(a),120MG/ML,Injection,Subcutaneous,Pre-Filled Syringe,Rx,Licensed,8/14/2020,,,,Original,1048,001,CDER,,,,,,,,,,,
somapacitan,somapacitan-beco,2020|2021|2023,N,Novo Nordisk Inc.,761156,Sogroya,351(a),10MG/1.5ML (6.7MG/ML)|5MG/1.5ML (3.3MG/ML)|15MG/1.5ML (10MG/ML),Injection,Subcutaneous,Autoinjector,Rx,Licensed,8/28/2020|10/01/2021|4/28/2023,N/A,N/A,1|5,Original|Supplement,1261,001|002|3,CDER,,,,,,,,,,,
belantamab mafodotin,belantamab mafodotin-blmf,2020|2025,N,GlaxoSmithKline Intellectual Property Development Ltd. England|GlaxoSmithKline LLC,761158|761440,Blenrep,351(a),100MG|70MG,For Injection,Intravenous,Single-Dose Vial,Rx,Licensed,8/5/2020|23-Oct-25,N/A,N/A,,Original,2148|1727,001|1,CDER,,,,,,,,Rx,,,
tafasitamab-cxix,tafasitamab-cxix,2020,N,MorphoSys US Inc.,761163,Monjuvi,351(a),200MG,For Injection,Intravenous,Single-Dose Vial,Rx,Licensed,7/31/2020,,,,Original,2152,001,CDER,,,,,,,,,,,
rituximab,rituximab-arrx,2020,N,"Amgen, Inc.",761140,Riabni,351(k) Biosimilar,100MG/10ML (10MG/ML)|500MG/50ML (10MG/ML),Injection,Intravenous,Single-Dose Vial,Rx,Licensed,12/17/2020,rituximab,Rituxan,,Original,1080,001|002,CDER,,,,,,,,,,,
margetuximab-cmkb,margetuximab-cmkb,2020,N,MacroGenics Inc.,761150,Margenza,351(a),250MG/10ML (25MG/ML),Injection,Intravenous,Single-Dose Vial,Rx,Licensed,12/16/2020,,,,Original,2139,001,CDER,,,,,,,,,,,
ansuvimab-zykl,ansuvimab-zykl,2020,N,Ridgeback Biotherapeutics,761172,Ebanga,351(a),400MG,For Injection,Intravenous,Single-Dose Vial,Rx,Licensed,12/21/2020,,,,Original,2162,001,CDER,,,,,,,,,,,
adalimumab,adalimumab-fkjp|adalimumab-aqvh|adalimumab-bwwd|adalimumab-aacf|adalimumab-adaz|adalimumab-atto|adalimumab-aaty|adalimumab-ryvk|adalimumab-adbm,2020|2021|2022|2023|2024|2025,N,"Mylan Pharmaceuticals Inc.|Coherus BioSciences, Inc.|Samsung Bioepis Co., Ltd.|Fresenius Kabi USA, LLC|Sandoz Inc.|Amgen Inc.|CELLTRION, Inc.|Alvotech USA Inc.|Boehringer Ingelheim Pharmaceuticals, Inc.",761154|761216|761059|761255|761071|761024|761219|761299|761058,Hulio|Yusimry|Hadlima|Idacio|Hyrimoz|Amjevita|Yuflyma|Simlandi|Cyltezo,351(k) Biosimilar|351(k) Interchangeable,40 mg/0.8ML|20 mg/0.4ML|40MG/0.8ML|40MG/0.4ML|10MG/0.2ML|20MG/0.2ML|80MG/0.8ML|20MG/0.4ML|10MG/0.1ML,Injection,Subcutaneous,Autoinjector|Pre-Filled Syringe|Single-Dose Vial,Rx,Licensed,"7/6/2020|12/17/2021|08/15/2022|12/13/2022|06/17/2022|03/28/2022|3/28/22|4/6/2023|8/14/2023|5/23/2023|3/20/2023|2/27/2023|9/29/2023|February 23, 2024|January 05, 2024|June 26, 2024|30-Apr-24|14-Feb-25",N/A|adalimumab|Humira,N/A|Humira|adalimumab,5|4|11|15|14|1|7|26|16,Original|Supplement,2210|2023|2046|2146|2003|1080|1996|2225|2006,1|2|3|001|004|005|003|4|5|6|7|8|9|10|002,CDER,,,Date TBD,,,,351(k) Biosimilar,Rx,,,
"pertuzumab, trastuzumab, and hyaluronidase","pertuzumab, trastuzumab, and hyaluronidase-zzxf",2020,N,"Genentech, Inc.",761170,Phesgo,351(a),"1,200mg, 600mg, 30,000units/15ML (80mg, 40mg, 2,000units/ML)|600mg, 600mg, 20,000units/10ML (60mg, 60mg, 2,000units/ML)",Injection,Subcutaneous,Single-Dose Vial,Rx,Licensed,6/29/2020,N/A,N/A,,Original,1048,1|2,CDER,,,,,,,,,,,
collagenase clostridium histolyticum,collagenase clostridium histolyticum-aaes,2020,N,Endo Global Aesthetics Limited,761146,Qwo,351(a),.92mg|1.84mg,For Injection,Subcutaneous,Single-Dose Vial,Rx,Licensed,7/6/2020,N/A,N/A,,Original,2136,1|2,CDER,,,,,,,,,,,
epoetin alfa,epoetin alfa-epbx,2020,N,"Hospira, Inc.",125545,Retacrit,351(k) Biosimilar,"20,000UNITS/2ML (10,000UNITS/ML)|20,000UNITS/ML",Injection,"Intravenous, Subcutaneous",Multi-Dose Vial,Rx,Licensed,6/30/2020,epoetin alfa,Procrit,5,Supplement,1974,6|7,CDER,,,,,,,,,,,
dupilumab,dupilumab,2020|2021,N,"Regeneron Pharmaceuticals, Inc.",761055,Dupixent,351(a),300MG/2ML|200MG/1.14ML|100MG/0.67ML,Injection,Subcutaneous,Autoinjector|Pre-Filled Syringe,Rx,Licensed,6/18/2020|06/14/2021|10/20/2021,N/A,N/A,17|16|31,Supplement,1760,4|005|006,CDER,,,,,,,,,,,
insulin lispro,insulin lispro-aabc|insulin lispro,2020|2025,N,Eli Lilly and Company,761109|205747,Lyumjev|Humalog,351(a),"1,000 UNITS/10ML (100UNITS/ML)|300 UNITS/3ML (100UNITS/ML)|600 UNITS/3ML (200UNITS/ML)|600UNITS/3ML (200UNITS/ML)",Injection,"Intravenous, Subcutaneous|Subcutaneous",Multi-Dose Vial|Autoinjector|Multi-Dose Cartridge,Rx,Licensed,"6/15/2020|May 07, 2025",N/A,N/A,38,Original|Supplement,1891,1|2|3|4|5|6|002,CDER,,,,,,,,Rx,,,
pegfilgrastim,pegfilgrastim-apgf|pegfilgrastim-pbbk|pegfilgrastim-fpgk|pegfilgrastim-cbqv|pegfilgrastim-unne,2020|2022|2023|2025,N,"Hospira Inc.|Kashiv BioSciences, LLC|Fresenius Kabi USA, LLC|Coherus BioSciences, Inc.|Lupin Limited (Biotech Division)",761111|761084|761173|761039|761212,Nyvepria|Fylnetra|Stimufend|Udenyca|Udenyca Onbody|Armlupeg,351(k) Biosimilar,6MG/0.6ML,Injection,Subcutaneous,Pre-Filled Syringe,Rx,Licensed,"6/10/2020|05/26/2022|09/01/2022|3/3/2023|December 22, 2023|28-Nov-25",N/A|pegfilgrastim|pegfilgrastim-fpgk,N/A|Neulasta,13|15,Original|Supplement,1974|2131|2146|2023|2052,1|001|2|003,CDER,,,,,,,,Rx,,,
insulin glargine,insulin glargine|insulin glargine-aglr|insulin glargine-yfgn,2020|2021,N,Mylan Pharmaceuticals Inc.|Eli Lilly and Company,210605|761215|761201,Semglee|Rezvoglar,351(a)|351(k) Biosimilar|351(k) Interchangeable,"1,000 UNITS/10ML (100 UNITS/ML)|300units/3ML (100 units/ML)|300UNITS/3ML (100UNITS/ML)|1,000UNITS/10ML (100UNITS/ML)",Injection,Subcutaneous,Multi-Dose Vial|Autoinjector,Rx,Licensed,6/11/2020|12/17/2021|07/28/2021,N/A|insulin glargine,N/A|Lantus,,Original,2210|1891,1|2|001|002,CDER,,,TBD,,,,,,,,
inebilizumab-cdon,inebilizumab-cdon,2020,N,Viela Bio,761142,Uplizna,351(a),100mg/10ML (10mg/ML),Injection,Intravenous,Single-Dose Vial,Rx,Licensed,6/11/2020,N/A,N/A,,Original,2129,1,CDER,,,,,,,,,,,
trastuzumab,trastuzumab-qyyp|trastuzumab-strf,2020|2024,N,Pfizer Ireland Pharmaceuticals|Accord BioPharma Inc.,761081|761346,Trazimera|Hercessi,351(k) Biosimilar,150MG|420MG,For Injection|Injection,Intravenous,Single-Dose Vial|Multi-Dose Vial,Rx,Licensed,"11/30/2020|25-Apr-24|September 06, 2024",trastuzumab,Herceptin,8|1,Supplement|Original,2060|2105,002|1,CDER,,,,,,,,Rx,,,
naxitamab-gqgk,naxitamab-gqgk,2020,N,"Y-mABs Therapeutics, Inc",761171,Danyelza,351(a),40MG/10ML (4MG/ML),Injection,Intravenous,Single-Dose Vial,Rx,Licensed,11/25/2020,,,,Original,2209,001,CDER,,,,,,,,,,,
ravulizumab,ravulizumab-cwvz,2020|2022,N,"Alexion Pharmaceuticals, Inc.",761108,Ultomiris,351(a),300MG/3ML (100MG/ML)|1100MG/11ML (100MG/ML)|245MG/3.5ML (70MG/ML),Injection,Intravenous|Subcutaneous,Single-Dose Vial|Single-Dose Cartridge,Rx,Licensed,10/9/2020|06/22/2022,N/A,N/A,5|21,Supplement,1743,002|003|004,CDER,,,,,06/07/2028,,,,,,
"atoltivimab, maftivimab, and odesivimab-ebgn","atoltivimab, maftivimab, and odesivimab-ebgn",2020,N,"Regeneron Pharmaceuticals, Inc.",761169,Inmazeb,351(a),"241.7MG, 241.7MG, 241.7MG/14.5ML (16.67MG, 16.67MG, 16.67MG/ML)",Injection,Intravenous,Single-Dose Vial,Rx,Licensed,10/14/2020,,,,Original,1760,001,CDER,,,,,,,,,,,
dulaglutide,dulaglutide,2020,N,Eli Lilly and Company,125469,Trulicity,351(a),3MG/0.5ML|4.5MG/0.5ML,Injection,Subcutaneous,Autoinjector,Rx,Licensed,9/4/2020,,,36,Supplement,1891,005|006,CDER,,,,,,,,,,,
polatuzumab vedotin-piiq,polatuzumab vedotin-piiq,2020,N,"Genentech, Inc.",761121,Polivy,351(a),30MG,For Injection,Intravenous,Single-Dose Vial,Rx,Licensed,9/18/2020,,,3,Supplement,1048,002,CDER,,,,,,,,,,,
Short Ragweed Pollen Allergen Extract,Short Ragweed Pollen Allergen Extract,2021,N,ALK - Abello A/S,125478,Ragwitek,351(a),12 AMB A 1-UTABS/CT,Tablet,Sublingual,Blister Pack,Rx,Licensed,4/16/2021,,,293,Supplement,1292,002,CBER,4/17/2021,,,,,,,,,,
risankizumab,risankizumab-rzaa,2021|2022|2023|2025,N,AbbVie Inc.,761105,Skyrizi,351(a),150MG/ML|360MG/2.4ML (150MG/ML)|600MG/10ML (60MG/ML)|180MG/1.2ML (150MG/ML)|90MG/ML,Injection,Subcutaneous|Intravenous,Pre-Filled Syringe|Autoinjector|Single-Dose Cartridge|Single-Dose Vial,Rx,Licensed,"4/26/2021|06/16/2022|09/23/2022|3/22/2023|September 03, 2025",N/A,N/A,9|10|16|18|24|39,Supplement,1889,002|003|004|005|7|007,CDER,,,,,,,,Rx,,,
dostarlimab-gxly,dostarlimab-gxly,2021,N,GlaxoSmithKline LLC,761174,Jemperli,351(a),500MG/10ML (50MG/ML),Injection,Intravenous,Single-Dose Vial,Rx,Licensed,4/22/2021,,,,Original,1727,001,CDER,,,,,,,,,,,
loncastuximab tesirine-lpyl,loncastuximab tesirine-lpyl,2021,N,ADC Therapeutics SA,761196,Zynlonta,351(a),10MG,For Injection,Intravenous,Single-Dose Vial,Rx,Licensed,4/23/2021,,,,Original,2166,001,CDER,,,,,,,,,,,
avalglucosidase alfa-ngpt,avalglucosidase alfa-ngpt,2021,N,Genzyme Corporation,761194,Nexviazyme,351(a),100MG,For Injection,Intravenous,Single-Dose Vial,Rx,Licensed,08/06/2021,N/A,N/A,,Original,1596,001,CDER,,,,,,,,,,,
eptinezumab-jjmr,eptinezumab-jjmr,2020,N,"Lundbeck Seattle BioPharmaceuticals, Inc.",761119,Vyepti,351(a),100MG/ML,Injection,Intravenous,Single-Dose Vial,Rx,Licensed,02/21/2020,N/A,N/A,,Original,2097,001,CDER,,,,,,,,,,,
lonapegsomatropin,lonapegsomatropin-tcgd,2021|2025,N,Ascendis Pharma Endocrinology Division A/S,761177,Skytrofa,351(a),3MG|3.6MG|4.3MG|5.2MG|6.3MG|7.6MG|9.1MG|11MG|13.3MG|0.7MG|1.4MG|1.8MG|2.1MG|2.5MG,For Injection,Subcutaneous,Single-Dose Cartridge,Rx,Licensed,"08/25/2021|July 25, 2025",N/A,N/A,8,Original|Supplement,2165,001|002|003|004|005|006|007|008|009|010|011|012|013|014,CDER,,,,,,,,Rx,,,
COVID,"COVID-19 Vaccine, mRNA|COVID-19 Vaccine, Adjuvanted",2021|2022|2025,N,"BioNTech Manufacturing GmbH|ModernaTX, Inc.|Novavax, Inc.",125742|125752|125835|125817,Comirnaty|Spikevax|mnexspike|NUVAXOVID,351(a),30UG|100UG|25UG/0.25mL|10UG|5UG,For Injection|Injection,Intramuscular,Multi-Dose Vial|Pre-Filled Syringe|Single-Dose Vial,Rx,Licensed,"08/23/2021|01/31/2022|July 09, 2025|May 30, 2025|May 16, 2025|August 27, 2025",N/A,N/A,0|276|656,Original|Supplement,2229|2256|2349,001|005|004,CBER,,,,,,,,Rx,,,
tezepelumab,tezepelumab-ekko,2021|2023,N,AstraZeneca AB,761224,Tezspire,351(a),210MG/1.91ML (110MG/ML),Injection,Subcutaneous,Single-Dose Vial|Pre-Filled Syringe|Autoinjector,Rx,Licensed,12/17/2021|2/1/2023,N/A,N/A,1,Original|Supplement,2059,001|002|3,CDER,,,,,,,,,,,
efgartigimod alfa-fcab,efgartigimod alfa-fcab,2021,N,Argenx BV,761195,Vyvgart,351(a),400MG/20ML (20MG/ML),Injection,Intravenous,Single-Dose Vial,Rx,Licensed,12/17/2021,N/A,N/A,,Original,2217,001,CDER,,,,,,,,,,,
tralokinumab,tralokinumab-ldrm,2021|2024,N,LEO Pharma A/S,761180,Adbry,351(a),150MG/ML|300MG/2ML,Injection,Subcutaneous,Pre-Filled Syringe|Autoinjector,Rx,Licensed,"12/27/2021|June 12, 2024",N/A,N/A,5,Original|Supplement,2169,001|002,CDER,,,,,,,,Rx,,,
evinacumab,evinacumab-dgnb,2021,N,"Regeneron Pharmaceuticals, Inc.",761181,Evkeeza,351(a),"345MG/2.3ML (150MG/ML)|1,200MG/8ML (150MG/ML)",Injection,Intravenous,Single-Dose Vial,Rx,Licensed,2/11/2021,,,,Original,1760,001|002,CDER,,,,,,,,,,,
Cholera Vaccine Live Oral,Cholera Vaccine Live Oral,2020,N,"Emergent Travel Health, Inc.",125597,Vaxchora,351(a),50ML|100ML,For Suspension,Oral,Packet,Rx,Licensed,12/23/2020,,,123,Supplement,2199,002|003,CBER,6/10/2016,,,,,,,,,,
Pneumococcal 15-valent Conjugate Vaccine,Pneumococcal 15-valent Conjugate Vaccine,2021,N,Merck Sharp & Dohme Corp.,125741,Vaxneuvance,351(a),0.5ML,Injection,Intramuscular,Pre-Filled Syringe,Rx,Licensed,07/16/2021,N/A,N/A,0,Original,0002,001,CBER,07/16/2021,,,07/16/2033,,,,,,,
"Zoster Vaccine Recombinant, Adjuvanted","Zoster Vaccine Recombinant, Adjuvanted",2021,N,GlaxoSmithKline Biologicals,125614,Shingrix,351(a),50UG,For Injection,Intramuscular,Vial,Rx,Licensed,07/23/2021,N/A,N/A,398,Supplement,1617,002,CBER,,,,,,,,,,,
anifrolumab,anifrolumab-fnia,2021|2026,N,AstraZeneca AB,761123|761451,Saphnelo,351(a),300MG/2ML (150MG/ML)|120MG/0.8ML,Injection,Intravenous|Subcutaneous,Single-Dose Vial|Pre-Filled Syringe|Autoinjector,Rx,Licensed,"07/30/2021|April 24, 2026",N/A,N/A,,Original,2059,001|002,CDER,,,,,,,351(a),Rx,,,
"Allogeneic Keratinocyte Cell Line (NIKS), Seeded on Rat Collagen (BD) Conditioned with Human Dermal Fibroblasts (Clonetics)","Allogeneic Keratinocyte Cell Line (NIKS), Seeded on Rat Collagen (BD) Conditioned with Human Dermal Fibroblasts (Clonetics)",2021,N,Stratatech Corporation,125730,StrataGraft,351(a),100CM SQUARED,Cell Sheets,Topical,Pouch,Rx,Licensed,06/15/2021,N/A,N/A,0,Original,2144,001,CBER,,,,,,,,,,,
aducanumab,aducanumab-avwa,2021,N,Biogen Inc.,761178,Aduhelm,351(a),170MG/1.7ML (100MG/ML)|300MG/3ML (100MG/ML),Injection,Intravenous,Single-Dose Vial,Rx,Licensed,06/07/2021,N/A,N/A,,Original,1697,001|002,CDER,,,,,,,,,,,
asparaginase erwinia chrysanthemi (recombinant)-rywn,asparaginase erwinia chrysanthemi (recombinant)-rywn,2021,N,Jazz Pharmaceuticals Ireland Limited,761179,Rylaze,351(a),10MG/0.5ML,Injection,Intramuscular,Single-Dose Vial,Rx,Licensed,06/30/2021,N/A,N/A,,Original,2167,001,CDER,,,,,,,,,,,
Influenza Vaccine,Influenza Vaccine,2021|2024,N,Seqirus Inc.|Protein Sciences Corporation,125408|125285,"Flucelvax, Flucelvax Quadrivalent|Flublok",351(a),60UG/.5ML|135UG/.5ML|45UG/.5ML,Injection,Intramuscular,Pre-Filled Syringe|Multi-Dose Vial,Rx,Licensed,"3/3/2021|3/26/2021|03/03/2021|03/26/2021|March 04, 2024",N/A,N/A,329|580|575,Supplement,2049|1795,3|4|003|004|005,CBER,10/5/2006|10/05/2006,,,,,,,Rx,,,
idecabtagene vicleucel,idecabtagene vicleucel,2021|2024,N,"Celgene Corporation, a Bristol-Myers Squibb Company",125736,Abecma,351(a),150 TO 540 X 10^6 CHIMERIC ANTIGEN RECEPTOR (CAR)-POSITIVE T CELLS IN ONE OR MORE INFUSION|300 to 510 X 10^6 CHIMERIC ANTIGEN RECEPTOR (CAR)-POSITIVE T CELLS,Injection|Suspension,Intravenous,Bag,Rx,Licensed,3/3/2021|03/03/2021|4-Apr-24,N/A,N/A,0|218,Original|Supplement,2252,1|001|2,CBER,3/3/2021|03/03/2021,,,,4-Apr-31,,,Rx,,,
secukinumab,secukinumab,2021|2023,N,Novartis Pharmaceuticals Corporation,125504|761349,Cosentyx,351(a),75MG/0.5ML|300MG/2ML|125MG/5ML,Injection,Subcutaneous|Intravenous,Pre-Filled Syringe|Autoinjector|Single-Dose Vial,Rx,Licensed,05/28/2021|5/11/2023|10/6/2023,N/A,N/A,43|44,Supplement|Original,1244,004|5|6|1,CDER,,,,,,,351(a),Rx,,,
amivantamab-vmjw,amivantamab-vmjw,2021,N,"Janssen Biotech, Inc.",761210,Rybrevant,351(a),350MG/7ML (50MG/ML),Injection,Intravenous,Single-Dose Vial,Rx,Licensed,05/21/2021,N/A,N/A,,Original,1864,001,CDER,,,,,,,,,,,
ropeginterferon alfa-2b-njft,ropeginterferon alfa-2b-njft,2021,N,PharmaEssentia Corporation,761166,Besremi,351(a),500MCG/ML,Injection,Subcutaneous,Pre-Filled Syringe,Rx,Licensed,11/12/2021,N/A,N/A,,Original,2155,001,CDER,,,,,,,,,,,
Hepatitis B Vaccine (Recombinant),Hepatitis B Vaccine (Recombinant),2021,N,"VBI Vaccines (Delaware), Inc.",125737,Prehevbrio,351(a),10UG/ML,For Injection,Intramuscular,Single-Dose Vial,Rx,Licensed,11/30/2021,N/A,N/A,0,Original,2219,001,CBER,,,,,,,,,,,
Allogeneic processed Thymus Tissue,Allogeneic processed Thymus Tissue,2021,N,Enzyvant Therapeutics GmbH,125685,Rethymic,351(a),SEMI-QUANTITATIVE,For Suspension,Implantation,Dish,Rx,Licensed,10/08/2021,N/A,N/A,0,Original,2100,001,CBER,10/08/2021,,,10/08/2033,,,,,,,
ranibizumab,ranibizumab|ranibizumab-nuna|ranibizumab-eqrn|ranibizumab-leyk,2021|2022|2025,N,"Genentech, Inc.|Samsung Bioepis Co., Ltd.|Coherus BioSciences, Inc.|Formycon AG",761197|761202|761165|761473,Susvimo|Byooviz|Cimerli|Nufymco,351(a)|351(k) Biosimilar|351(k) Interchangeable,100MG/ML|10MG/ML|10MG/ML (0.5MG/0.05ML)|6MG/ML (0.3MG/0.05ML),Injection,Intravitreal,Single-Dose Vial,Rx,Licensed,10/22/2021|09/17/2021|08/02/2022|18-Dec-25,N/A|ranibizumab,N/A|Lucentis,,Original,1048|2046|2023|2322,001|002|1|2,CDER,,,Date TBD,,,,,Rx,,,
tisotumab vedotin-tftv,tisotumab vedotin-tftv,2021,N,Seagen Inc.,761208,Tivdak,351(a),40MG,For Injection,Intravenous,Single-Dose Vial,Rx,Licensed,09/20/2021,N/A,N/A,,Original,2257,001,CDER,,,,,,,,,,,
bevacizumab,bevacizumab-maly|bevacizumab-adcd|bevacizumab-tnjn|bevacizumab-nwgd,2022|2023|2025,N,"Amneal Pharmaceuticals LLC|CELLTRION, Inc.|Bio-Thera Solutions, Ltd.|Biocon Biologics Inc.",761231|761268|761198|761175,Alymsys|Vegzelma|Avzivi|Jobevne,351(k) Biosimilar,100MG/4ML (25MG/ML)|400MG/16ML (25MG/ML),Injection,Intravenous,Single-Dose Vial,Rx,Licensed,"04/13/2022|9/27/22|12/6/2023|April 09, 2025",bevacizumab,Avastin,,Original,2241|1996|2218|2324,001|002|1|2,CDER,,,,,,,,Rx,,,
betibeglogene autotemcel,betibeglogene autotemcel,2022,N,Bluebird Bio Inc.,125717,Zynteglo,351(a),1.7-20 X 10^6CELL/ML,For Injection,Intravenous,Bag,RX,Licensed,08/17/2022,N/A,N/A,0,Original,2160,001,CBER,08/17/2022,,,08/17/2034,,,,,,,
"Fecal Microbiota Transplantation, Frozen Preparation","Fecal Microbiota Transplantation, Frozen Preparation",2022,N,Ferring Pharmaceuticals Inc.,125739,Rebyota,351(a),BETWEEN 1X10^8 AND 5X10^10CFU,Suspension,Rectal,Single-Use Bottle,Rx,Licensed,11/30/2022,,,0,Original,2112,1,CBER,,,,,,,,,,,
nadofaragene firadenovec-vncg,nadofaragene firadenovec-vncg,2022,N,Ferring Pharmaceuticals A/S,125700,Adstiladrin,351(a),3x10^11 viral particles (vp)/mL,For Suspension,Intravesical,Single-Dose Vial,Rx,Licensed,12/16/2022,,,0,Original,2222,1,CBER,,,,,,,,,,,
mosunetuzumab,mosunetuzumab-axgb,2022|2025,N,"Genentech, Inc.",761263,Lunsumio|Lunsumio Velo,351(a),1MG/ML|30MG/30ML (1MG/ML)|5MG/0.5ML|45MG/ML,Injection,Intravenous|Subcutaneous,Single-Dose Vial,Rx,Licensed,12/22/2022|19-Dec-25,N/A,N/A,6,Original|Supplement,1048,1|2|3|4,CDER,,,,,22-Dec-29,,,Rx,,,
sutimlimab-jome,sutimlimab-jome,2022,N,Bioverativ USA Inc.,761164,Enjaymo,351(a),"1,100MG/22ML (50MG/ML)",Injection,Intravenous,Single-Dose Vial,Rx,Licensed,02/04/2022,N/A,N/A,,Original,2078,001,CDER,,,,,,,,,,,
filgrastim,filgrastim-ayow|filgrastim-txid|filgrastim-sndz,2022|2024,N,"Kashiv BioSciences, LLC|Tanvex BioPharma USA, Inc.|Sandoz Inc.",761082|761126|125553,Releuko|Nypozi|Zarxio,351(k) Biosimilar,300MCG/ML|480MCG/1.6ML|300MCG/0.5ML|480MCG/0.8ML,Injection,"Intravenous, Subcutaneous",Single-Dose Vial|Pre-Filled Syringe,Rx,Licensed,"02/25/2022|June 28, 2024|August 09, 2024",N/A|filgrastim,N/A|Neupogen,32,Original|Supplement,2131|2259|2003,001|002|003|004,CDER,,,,,,,,Rx|Disc,,,
ciltacabtagene autoleucel,ciltacabtagene autoleucel,2022,N,"Janssen Biotech, Inc.",125746,Carvykti,351(a),"0.5 to 1.0×10^6 chimeric antigen receptor (CAR)-positive viable T cells per kg of body weight, with a maximum dose of 1×10^8 CAR-positive viable T cells in one infusion",For Injection,Intravenous,Bag,Rx,Licensed,02/28/2022,N/A,N/A,0,Original,1864,001,CBER,,,,,,,,,,,
mepolizumab,mepolizumab,2022,N,GlaxoSmithKline LLC,125526|761122,Nucala,351(a),40MG/0.4ML,Injection,Subcutaneous,Pre-Filled Syringe,Rx,Licensed,01/22/2022,N/A,N/A,19|8,Supplement,1727,004,CDER,,,,,,,,,,,
tebentafusp-tebn,tebentafusp-tebn,2022,N,Immunocore Limited,761228,Kimmtrak,351(a),100MCG/0.5ML,Injection,Intravenous,Single-Dose Vial,Rx,Licensed,01/25/2022,N/A,N/A,,Original,2239,001,CDER,,,,,,,,,,,
faricimab,faricimab-svoa,2022|2024,N,"Genentech, Inc.",761235,Vabysmo,351(a),120MG/ML|6MG/0.05ML (120MG/ML),Injection,Intravitreal,Single-Dose Vial|Pre-Filled Syringe,Rx,Licensed,"01/28/2022|July 09, 2024",N/A,N/A,5,Original|Supplement,1048,001|002,CDER,,,,,,,,Rx,,,
"Antihemophilic Factor (Recombinant), rAHF","Antihemophilic Factor (Recombinant), rAHF",2021,N,Octapharma Pharmazeutika Produktionsges.m.b.H.,125555,Nuwiq,351(a),1500IU,For Injection,Intravenous,Single-Dose Vial,Rx,Licensed,12/07/2021,N/A,N/A,245,Supplement,1646,008,CBER,,,,,,,,,,,
"Measles, Mumps and Rubella Virus Vaccine Live","Measles, Mumps and Rubella Virus Vaccine Live",2022|2023,N,GlaxoSmithKline Biologicals|Merck Sharp & Dohme LLC,125748|101069,PRIORIX|M-M-R Ii,351(a),"3.4, 4.2 and 3.3LOG10|0.5ML",For Injection,Subcutaneous|Intramuscular,Single-Dose Vial,Rx,Licensed,06/03/2022|2/27/2023,N/A,N/A,0|5846,Original|Supplement,1617|2,001|2,CBER,,,,,,,,,,,
nivolumab and relatlimab,nivolumab and relatlimab-rmbw,2022,N,Bristol-Myers Squibb Company,761234,Opdualag,351(a),"240MG, 80MG/20ML (12MG, 4MG/ML)",Injection,Intravenous,Single-Dose Vial,Rx,Licensed,03/18/2022|3/18/22,N/A,N/A,,Original,1713,001|1,CDER,,,,,,,,,,,
brolucizumab-dbll,brolucizumab-dbll,2022,N,Novartis Pharmaceuticals Corporation,761125,Beovu,351(a),6MG/0.05ML,Injection,Intravitreal,Pre-Filled Syringe,Rx,Licensed,05/27/2022,N/A,N/A,8,Supplement,1244,002,CDER,,,,,,,,,,,
sacrosidase,sacrosidase,2022,N,"QOL Medical, LLC",020772,Sucraid,351(a),"17,000IU/2ML (8,500IU/ML)",Solution For Oral,Oral,,Rx,Licensed,05/25/2022,N/A,N/A,27,Supplement,2195,002,CDER,,,,,04/09/2005,,,,,,
etanercept,etanercept-szzs|etanercept-ykro,2022|2024,N,"Sandoz Inc.|Samsung Bioepis Co., Ltd.",761042|761066,Erelzi|Eticovo,351(k) Biosimilar,25MG|50MG/ML,For Injection|Injection,Subcutaneous,Multi-Dose Vial|Autoinjector,Rx,Licensed,11/10/22|3-May-24,etanercept,Enbrel,18|1,Supplement,2003|2046,4|3,CDER,,,,,,,,Disc,,,
mirvetuximab soravtansine-gynx,mirvetuximab soravtansine-gynx,2022,N,"ImmunoGen, Inc.",761310,Elahere,351(a),100MG/20ML (5MG/ML),Injection,Intravenous,Single-Dose Vial,Rx,Licensed,11/14/22,,,,Original,2288,1,CDER,,,,,,,,,,,
teplizumab-mzwv,teplizumab-mzwv,2022,N,"Provention Bio, Inc.",761183,Tzield,351(a),2MG/2ML (1MG/ML),Injection,Intravenous,Single-Dose Vial,Rx,Licensed,11/17/22,,,,Original,2170,1,CDER,,,,,,,,,,,
"Rotavirus Vaccine, Live, Oral","Rotavirus Vaccine, Live, Oral",2022,N,GlaxoSmithKline Biologicals,125265,Rotarix,351(a),106.0CCID50,Suspension,Oral,Tube|Oral Applicator,Rx,Licensed,11/4/22,,,645,Supplement,1617,2|3,CBER,,,,,,,,,,,
etranacogene dezaparvovec,etranacogene dezaparvovec,2022,N,CSL Behring LLC,125772,Hemgenix,351(a),1X10E13GENOME COPIES/ML,Injection,Intravenous,Single-Dose Vial,Rx,Licensed,11/22/22,,,0,Original,1767,1,CBER,,,,,,,,,,,
Alpha,Alpha-1-Proteinase Inhibitor (Human),2020|2025,N,"Grifols Therapeutics LLC|Takeda Pharmaceuticals U.S.A., Inc.",103174|125325,"Prolastin, Prolastin-C|Glassia",351(a),4000MG/80ML|500MG/10ML|4G|5G,Injection,Intravenous,Single-Dose Vial,Rx,Licensed,"3/5/20|February 27, 2025",,N/A,6314|685,Supplement,1871|1898,4|5|002|003,CBER,,,,,12/2/94,,,Rx,,,
"Meningococcal (Groups A, C, Y, and W-135) Oligosaccharide Diphtheria CRM197 Conjugate Vaccine","Meningococcal (Groups A, C, Y, and W-135) Oligosaccharide Diphtheria CRM197 Conjugate Vaccine",2022,N,GlaxoSmithKline Biologicals,125300,Menveo,351(a),0.5ML,Injection,Intramuscular,Single-Dose Vial,Rx,Licensed,10/14/22,,,778,Supplement,1617,2,CBER,,,,,,,,,,,
tremelimumab,tremelimumab-actl,2022,N,AstraZeneca AB,761289,Imjudo,351(a),25MG/1.25ML (20MG/ML)|300MG/15ML (20MG/ML),Injection,Intravenous,Single-Dose Vial,Rx,Licensed,10/21/22,,,,Original,2059,1|2,CDER,,,,,,,,,,,
teclistamab,teclistamab-cqyv,2022,N,"Janssen Biotech, Inc.",761291,Tecvayli,351(a),30MG/3ML (10MG/ML)|153MG/1.7ML (90MG/ML),Injection,Subcutaneous,Single-Dose Vial,Rx,Licensed,10/25/22,,,,Original,1864,1|2,CDER,,,,,,,,,,,
olipudase alfa,olipudase alfa-rpcp,2022|2023,N,Genzyme Corporation,761261,Xenpozyme,351(a),20MG|4MG,For Injection,Intravenous,Single-Dose Vial,Rx,Licensed,08/31/2022|3/31/2023,N/A,N/A,1,Original|Supplement,1596,001|2,CDER,,,,,8/31/2029,,,,,,
spesolimab,spesolimab-sbzo,2022|2024|2025,N,"Boehringer Ingelheim Pharmaceuticals, Inc.",761244,Spevigo,351(a),450MG/7.5ML (60MG/ML)|150MG/ML|300MG/2ML (150MG/ML),Injection,Intravenous|Subcutaneous,Single-Dose Vial|Pre-Filled Syringe,Rx,Licensed,"09/01/2022|March 18, 2024|May 28, 2025",N/A,N/A,3|4,Original|Supplement,2006,001|002|003,CDER,,,,,"September 01, 2029|March 18, 2031",,,Rx,,,
daxibotulinumtoxinA,daxibotulinumtoxinA-lanm,2022,N,"Revance Therapeutics, Inc.",761127,Daxxify,351(a),50UNITS|100UNITS,For Injection,Intramuscular,Single-Dose Vial,Rx,Licensed,09/07/2022,N/A,N/A,,Original,2101,001|002,CDER,,,,,,,,,,,
eflapegrastim-xnst,eflapegrastim-xnst,2022,N,"Spectrum Pharmaceuticals, Inc.",761148,Rolvedon,351(a),13.2MG/0.6ML,Injection,Subcutaneous,Pre-Filled Syringe,Rx,Licensed,09/09/2022,N/A,N/A,,Original,2312,001,CDER,,,,,,,,,,,
elivaldogene autotemcel,elivaldogene autotemcel,2022,N,Bluebird Bio Inc.,125755,Skysona,351(a),2-30 × 10^6 CELL/ML,Injection,Intravenous,Bag,Rx,Licensed,09/16/2022,N/A,N/A,0,Original,2160,001,CBER,09/16/2022,,,09/16/2034,,,,,,,
omidubicel,omidubicel-onlv,2023,N,Gamida Cell Ltd.,125738,OMISIRGE,351(a),">4.0x10^8 total viable cells, >2.4 × 10^7 CD3+ cells with 41mL dil sol|>8.0x10^8 total viable cells, >8.7% CD34+ cells, >9.2 × 10^7 CD34+ cells with 81mL dil so",For Injection,Intravenous,Bag,Rx,Licensed,4/17/2023,,,0,Original,2223,1|2,CBER,,,,,,,,,,,
talquetamab,talquetamab-tgvs,2023,N,"Janssen Biotech, Inc.",761342,Talvey,,3MG/1.5ML (2MG/ML)|40MG/ML,Injection,Subcutaneous,Single-Dose Vial,Rx,Licensed,8/9/2023,,N/A,,Original,1864,1|2,CDER,,,,,,,351(a),,,,
elranatamab,elranatamab-bcmm,2023,N,Pfizer Inc.,761345,Elrexfio,,76MG/1.9ML (40MG/ML)|44MG/1.1ML (40MG/ML),Injection,Subcutaneous,Single-Dose Vial,Rx,Licensed,8/14/2023,,N/A,,Original,2001,1|2,CDER,,,,,,,351(a),,,,
pozelimab-bbfg,pozelimab-bbfg,2023,N,"Regeneron Pharmaceuticals, Inc.",761339,Veopoz,,400MG/2ML (200MG/ML),Injection,"Intravenous, Subcutaneous",Single-Dose Vial,Rx,Licensed,8/18/2023,,N/A,,Original,1760,1,CDER,,,,,,,351(a),,,,
aflibercept,aflibercept|aflibercept-abzv|aflibercept-ayyh|aflibercept-mrbb|aflibercept-jbvf|aflibercept-yszy|aflibercept-boav,2023|2024|2025|2026,N,"Regeneron Pharmaceuticals, Inc.|Sandoz Inc.|Amgen Inc.|Formycon AG|Biocon Biologics Inc.|Samsung Bioepis Co., Ltd.|CELLTRION, Inc.",761355|761382|761298|761378|761274|761350|761377,Eylea HD|Enzeevu|Pavblu|Ahzantive|Yesafili|Opuviz|Eydenzelt,351(k) Biosimilar|351(k) Interchangeable,8MG/0.07ML|2MG/0.05ML,Injection,Intravitreal,Single-Dose Vial|Pre-Filled Syringe,Rx,Licensed,"8/18/2023|August 09, 2024|August 23, 2024|June 28, 2024|20-May-24|17-Apr-25|2-Oct-25|13-Jan-26",aflibercept,N/A|Eylea,1,Original|Supplement,1760|2003|1080|2322|2324|2046|1996,1|001|002|2,CDER,,,Date TBD,,,,351(a),Rx,,,
"Prothrombin complex concentrate, human","Prothrombin complex concentrate, human-lans",2023,N,Octapharma Pharmazeutika Produktionsges.m.b.H.,125776,Balfaxar,351(a),500IU|1000IU,For Injection,Intravenous,Single-Dose Vial,Rx,Licensed,"7/21/2023|July 21, 2023",,,0,Original,1646,1|002,CBER,,,,,,,351(a),Rx,,,
"immune globulin intravenous, human","immune globulin intravenous, human-stwk|immune globulin intravenous, human-dira",2023|2024,N,GC Biopharma Corp.|YIMMUGO,125743|125810,Alyglo|YIMMUGO,351(a),10% 100MG/ML|5G/50ML|10G/100ML|20G/200ML,Injection|For Injection,Intravenous,Single-Dose Vial,,Licensed,"12/15/2023|June 13, 2024",,,0,Original,2033|2332,1|001|002|003,CBER,,,,,,,,Rx,,,
Exagamglogene autotemcel,Exagamglogene autotemcel,2023,N,Vertex Pharmaceuticals Inc,125787,Casgevy,351(a),4-13 × 10^6 CELL/ML,Suspension,Intravenous,Single-Dose Vial,,Licensed,12/8/2023,,,0,Original,2279,1,CBER,,,,,,,,Rx,,,
lovotibeglogene autotemcel,lovotibeglogene autotemcel,2023,N,bluebird bio Inc.,125788,LYFGENIA,351(a),1.7-20x10^6CELL/ML,Suspension,Intravenous,Bag,,Licensed,12/8/2023,,,0,Original,2160,1,CBER,,,,,,,,Rx,,,
lanadelumab,lanadelumab-flyo,2022|2023,N,"Takeda Pharmaceuticals U.S.A., Inc.",761090,Takhzyro,351(a),300MG/2ML (150MG/ML)|150MG/1ML (150MG/ML),Injection,Subcutaneous,Pre-Filled Syringe,Rx,Licensed,2/8/2022|2/3/2023,,,3|10,Supplement,1898,2|3,CDER,,,,,8/23/2025,,,,,,
velmanase alfa-tycv,velmanase alfa-tycv,2023,N,Chiesi Farmaceutici S.p.A.,761278,Lamzede,351(a),10MG,For Injection,Intravenous,Single-Dose Vial,Rx,Licensed,2/16/2023,,,,Original,2245,1,CDER,,,,,,,,,,,
"antihemophilic factor (recombinant), Fc","antihemophilic factor (recombinant), Fc-VWF-XTEN fusion protein-ehtl",2023,N,"Bioverativ Therapeutics, Inc.",125771,ALTUVIIIO,351(a),250IU|500IU|750IU|1000IU|2000IU|3000IU|4000IU,For Injection,Intravenous,Single-Dose Vial,Rx,Licensed,2/22/2023,,,0,Original,2078,1|2|3|4|5|6|7,CBER,,,,,,,,,,,
ublituximab-xiiy,ublituximab-xiiy,2022,N,"TG Therapeutics, Inc.",761238,Briumvi,351(a),150MG/6ML (25MG/ML),Injection,Intravenous,Single-Dose Vial,Rx,Licensed,12/28/2022,,,,Original,2090,1,CDER,,,,,,,,,,,
anacaulase,anacaulase-bcdb,2022,N,"MediWound, Ltd.",761192,Nexobrid,351(a),8.8% (1.94GM)|8.8% (4.85GM),For Topical Gel,Topical,Single-Use Jar,Rx,Licensed,12/28/2022,,,,Original,2215,1|2,CDER,,,,,,,,,,,
lecanemab,lecanemab-irmb,2023|2025,N,"Eisai, Incorporated",761269|761375,Leqembi|Leqembi IQLIK,351(a),200MG/2ML (100MG/ML)|500MG/5ML (100MG/ML)|360MG/1.8ML (200MG/ML),Injection,Intravenous|Subcutaneous,Single-Dose Vial|Autoinjector,Rx,Licensed,"1/6/2023|August 29, 2025",N/A,N/A,,Original,1862,1|2|001,CDER,,,,,,,,Rx,,,
rozanolixizumab,rozanolixizumab-noli,2023|2024,N,"UCB, Inc.",761286,Rystiggo,351(a),280MG/2ML (140MG/ML)|420MG/3ML (140MG/ML)|560MG/4ML (140MG/ML)|840MG/6ML (140MG/ML),Injection,Subcutaneous,Single-Dose Vial,Rx,Licensed,6/26/2023|14-Jun-24,N/A,N/A,1,Original|Supplement,1736,1|2|3|4,CDER,,,,,26-Jun-30,,,Rx,,,
somatrogon,somatrogon-ghla,2023,N,Pfizer Ireland Pharmaceuticals,761184,Ngenla,351(a),24MG/1.2ML (20MG/ML)|60MG/1.2ML (50MG/ML),Injection,Subcutaneous,Autoinjector,Rx,Licensed,6/27/2023,,,,Original,2060,1|2,CDER,,,,,,,,,,,
nirsevimab,nirsevimab-alip,2023,N,AstraZeneca AB,761328,Beyfortus,351(a),50MG/0.5ML|100MG/ML,Injection,Intramuscular,Pre-Filled Syringe,Rx,Licensed,"7/17/2023|July 17, 2023",,,,Original,2059,1|002,CDER,,,,,,,,Rx,,,
valoctocogene roxaparvovec-rvox,valoctocogene roxaparvovec-rvox,2023,N,Biomarin Pharmaceutical Inc.,125720,Roctavian,351(a),16X 10E13GENOMES PER ML,Injection,Intravenous,Single-Dose Vial,Rx,Licensed,6/29/2023,,,0,Original,1649,1,CBER,,,,,,,,,,,
donislecel-jujn,donislecel-jujn,2023,N,CellTrans Inc.,125734,Lantidra,351(a),1X10E6EQUIVALENT ISLET NUMBER (EIN),Suspension,Intravenous,Bag,Rx,Licensed,6/28/2023,,,0,Original,2213,1,CBER,,,,,,,,,,,
"Anthrax Vaccine Adsorbed, Adjuvanted","Anthrax Vaccine Adsorbed, Adjuvanted",2023,N,"Emergent Product Development Gaithersburg, Inc.",125761,CYFENDUS,351(a),100UG/ML,Injection,Intramuscular,Multi-Dose Vial,Rx,Licensed,7/20/2023,,,0,Original,2089,1,CBER,,,,,,,,,,,
Albumin (Human),Albumin (Human),2022,N,Grifols Biologicals LLC,102478,Albutein,351(a),5G/100ML,Injection,Intravenous,Bag,Rx,Licensed,11/29/2022,,,5570,Supplement,1694,9,CBER,,,,,,,,,,,
"Coagulation Factor IX (Recombinant), GlycoPEGylated","Coagulation Factor IX (Recombinant), GlycoPEGylated",2022,N,Novo Nordisk Inc.,125611,Rebinyn,351(a),3000IU,For Injection,Intravenous,Single-Dose Vial,Rx,Licensed,8/11/2022,,,242,Supplement,1261,4,CBER,,,,,,,,,,,
Respiratory Syncytial Virus Vaccine,Respiratory Syncytial Virus Vaccine,2023,N,Pfizer Inc.,125769,Abrysvo,351(a),120UG,Injection,Intramuscular,Single-Dose Vial,Rx,Licensed,5/31/2023,,,0,Original,2001,1,CBER,,,,,,,,,,,
delandistrogene moxeparvovec-rokl,delandistrogene moxeparvovec-rokl,2023,N,"Sarepta Therapeutics, Inc.",125781,ELEVIDYS,351(a),1.33 ×10E14 vector genomes (vg)/kg/bodyweight(bw),Suspension,Intravenous,Single-Dose Vial,Rx,Licensed,6/22/2023,,,0,Original,2308,1,CBER,,,,,,,,,,,
insulin aspart,insulin aspart|insulin aspart-xjhz|insulin aspart-szjj,2023|2025,N,Novo Nordisk Inc.|Biocon Biologics Inc.|Sanofi-Aventis U.S. LLC,208751|761188|761325,Fiasp|Kirsty|Merilog,351(a)|351(k) Interchangeable|351(k) Biosimilar,"160UNITS/1.6ML (100UNITS/ML)|300UNITS/3ML (100UNITS/ML)|1,000UNITS/10ML (100UNITS/ML)",Injection,"Subcutaneous|Intravenous, Subcutaneous",Multi-Dose Cartridge|Autoinjector|Multi-Dose Vial,Rx,Licensed,"6/21/2023|July 15, 2025|14-Feb-25",insulin aspart,Novolog,20,Supplement|Original,1261|2324|1752,4|001|002|1|2,CDER,,,Date TBD,,,,,Rx,,,
glofitamab,glofitamab-gxbm,2023,N,"Genentech, Inc.",761309,Columvi,351(a),2.5MG/2.5ML (1MG/ML)|10MG/10ML (1MG/ML),Injection,Intravenous,Single-Dose Vial,Rx,Licensed,6/15/2023,,,,Original,1048,1|2,CDER,,,,,,,,,,,
efgartigimod alfa and hyaluronidase,efgartigimod alfa and hyaluronidase-qvfc,2023|2025,N,Argenx BV,761304,Vyvgart Hytrulo,351(a),"1,008MG/5.6ML; 11,200UNITS/5.6ML (180MG/2,000UNITS/ML)|1,000MG/5ML;10,000UNITS/5ML (200MG/2,000UNITS/ML)",Injection,Subcutaneous,Single-Dose Vial|Pre-Filled Syringe,Rx,Licensed,"6/20/2023|April 10, 2025",,,8,Original|Supplement,2217,1|002,CDER,,,,,"June 21, 2031",,,Rx,,,
retifanlimab-dlwr,retifanlimab-dlwr,2023,N,Incyte Corporation,761334,Zynyz,351(a),500MG/20ML (25MG/ML),Injection,Intravenous,Single-Dose Vial,Rx,Licensed,3/22/2023,,,,Original,2228,1,CDER,,,,,,,,,,,
Varicella Virus Vaccine Live,Varicella Virus Vaccine Live,2023,N,Merck Sharp & Dohme LLC,103552,Varivax,351(a),NLT  1350PFU/.5ML,For Injection,Intramuscular,Single-Dose Vial,Rx,Licensed,2/27/2023,,,6277,Supplement,2,2,CBER,,,,,,,,,,,
"Measles, Mumps, Rubella and Varicella Virus Vaccine Live","Measles, Mumps, Rubella and Varicella Virus Vaccine Live",2023,N,Merck Sharp & Dohme LLC,125108,Proquad,351(a),0.5ML,For Injection,Intramuscular,Single-Dose Vial,Rx,Licensed,2/27/2023,,,1128,Supplement,2,2,CBER,,,,,,,,,,,
Fecal Microbiota Spores,Fecal Microbiota Spores,2023,N,"Seres Therapeutics, Inc.",125757,Vowst,351(a),1X10 LOG 6 AND 3X10 LOG 7CFU/TAB,Capsule,Oral,Bottle,Rx,Licensed,4/26/2023,,,0,Original,2262,1,CBER,,,,,4/26/2030,,,,,,
"Respiratory Syncytial Virus Vaccine, Adjuvanted","Respiratory Syncytial Virus Vaccine, Adjuvanted",2023,N,GlaxoSmithKline Biologicals,125775,Arexvy,351(a),120UG/.5ML,For Injection,Intramuscular,Single-Dose Vial,Rx,Licensed,5/3/2023,,,0,Original,1617,1,CBER,,,,,,,,,,,
beremagene geperpavec-svdt,beremagene geperpavec-svdt,2023,N,"Krystal Biotech, Inc.",125774,VYJUVEK,351(a),5.0x10^9 PFU/mL,Gel,Topical,Single-Dose Vial,Rx,Licensed,5/19/2023,,,0,Original,2301,1,CBER,,,,,,,,,,,
pegunigalsidase alfa,pegunigalsidase alfa-iwxj,2023|2024,N,Chiesi Farmaceutici S.p.A.,761161,Elfabrio,351(a),20MG/10ML (2MG/ML)|5MG/2.5ML,Injection,Intravenous,Single-Dose Vial,Rx,Licensed,"5/9/2023|May 17, 2024",,,2,Original|Supplement,2245,1|002,CDER,,,,,,,,Rx,,,
epcoritamab,epcoritamab-bysp,2023,N,"Genmab US, Inc.",761324,Epkinly,351(a),4MG/0.8ML|48MG/0.8ML,Injection,Subcutaneous,Single-Dose Vial,Rx,Licensed,5/19/2023,,,,Original,2293,1|2,CDER,,,,,,,,,,,
pancrelipase,pancrelipase,2023,N,"Zenpep, LLC",22210,Zenpep,351(a),"60,000USP UNITS; 189,600USP UNITS; 252,600USP UNITS","Capsule, Delayed Release",Oral,,,Licensed,10/27/2023,,,27,Supplement,2198,8,CDER,,,,,,,,Rx,,,
natalizumab-sztn,natalizumab-sztn,2023,N,Sandoz Inc.,761322,Tyruko,351(k) Biosimilar,300MG/15ML (20MG/ML),Injection,Intravenous,Single-Dose Vial,,Licensed,8/24/2023,natalizumab,Tysabri,,Original,2003,1,CDER,,,,,,,,Rx,,,
ustekinumab,ustekinumab-auub|ustekinumab-aekn|ustekinumab-ttwe|ustekinumab-kfce|ustekinumab-stba|ustekinumab-aauz|ustekinumab-srlf|ustekinumab-hmny,2023|2024|2025,N,"Amgen Inc.|Alvotech USA Inc.|Samsung Bioepis Co., Ltd.|Biocon Biologics Inc.|CELLTRION, Inc.|Fresenius Kabi USA, LLC|Accord BioPharma Inc.|Bio-Thera Solutions, Ltd.",761285|761331|761343|761373|761406|761338|761425|761379|761364|761419,Wezlana|Selarsdi|Pyzchiva|Yesintek|Steqeyma|Otulfi|Imuldosa|Starjemza,351(k) Interchangeable|351(k) Biosimilar,45MG/0.5ML|90MG/ML|130MG/26ML (5MG/ML),Injection|For Injection,Subcutaneous|Intravenous,Pre-Filled Syringe|Single-Dose Vial|Autoinjector,,Licensed,"10/31/2023|April 16, 2024|26-Dec-24|20-Dec-24|29-Nov-24|17-Dec-24|June 28, 2024|October 18, 2024|September 27, 2024|October 10, 2024|December 26, 2024|June 27, 2025|December 17, 2024|June 12, 2025|February 12, 2025|March 21, 2025|May 22, 2025",ustekinumab,Stelara,1|2|3|5,Original|Supplement,1080|2225|2046|2324|1996|2146|2105|2218,1|2|3|001|002|4|003|005|5|004,CDER,,,,,,,,Rx,,,
mirikizumab,mirikizumab-mrkz,2023|2025,N,Eli Lilly and Company,761279,Omvoh,351(a),300MG/15ML (20MG/ML)|100MG/ML|200MG/2ML (100MG/ML),Injection,Intravenous|Subcutaneous,Single-Dose Vial|Pre-Filled Syringe|Autoinjector,,Licensed,"10/26/2023|January 15, 2025|15-Jan-25",,,2,Original|Supplement,1891,1|2|003|004|005|3|4|5,CDER,,,,,,,,Rx,,,
toripalimab-tpzi,toripalimab-tpzi,2023,N,"Coherus BioSciences, Inc.",761240,Loqtorzi,351(a),240MG/6ML (40MG/ML),Injection,Intravenous,Single-Dose Vial,,Licensed,10/27/2023,,,,Original,2023,1,CDER,,,,,,,,Rx,,,
efbemalenograstim alfa-vuxw,efbemalenograstim alfa-vuxw,2023,N,Evive Biotechnology Singapore PTE. LTD.,761134,Ryzneuta,351(a),20MG/ML,Injection,Subcutaneous,Pre-Filled Syringe,,Licensed,11/16/2023,,,,Original,2248,1,CDER,,,,,,,,Rx,,,
"Meningococcal Groups A, B, C, W and Y Vaccine","Meningococcal Groups A, B, C, W and Y Vaccine",2023|2025,N,Pfizer Ireland Pharmaceuticals|GlaxoSmithKline Biologicals,125770|125819,PENBRAYA|PENMENVY,351(a),5UG|25UG/0.5ML,Injection,Intramuscular,Pre-Filled Syringe|Single-Dose Vial,,Licensed,"10/20/2023|February 14, 2025",,,0,Original,2060|1617,1|001,CBER,,,,,,,351(a),Rx,,,
vedolizumab,vedolizumab,2023,N,"Takeda Pharmaceuticals U.S.A., Inc.",761133,Entyvio|Entyvio Pen,,108MG/0.68ML,Injection,Subcutaneous,Pre-Filled Syringe|Autoinjector,,Licensed,9/27/2023,,,,Original,1898,1|2,CDER,,,,,,,351(a),Rx,,,
cipaglucosidase alfa-atga,cipaglucosidase alfa-atga,2023,N,"Amicus Therapeutics US, LLC",761204,Pombiliti,,105MG,Injection,Intravenous,Single-Dose Vial,,Licensed,9/28/2023,,,,Original,2224,1,CDER,,,,,,,351(a),Rx,,,
tocilizumab,tocilizumab-bavi|tocilizumab-aazg|tocilizumab-anoh,2023|2024|2025,N,"Biogen MA Inc.|Fresenius Kabi USA, LLC|CELLTRION, Inc.",761354|761275|761420,Tofidence|Tyenne|Avtozma,351(k) Biosimilar|351(k) Interchangeable,80MG/4ML (20MG/ML)|200MG/10ML (20MG/ML)|400MG/20ML (20MG/ML)|162MG/0.9ML,Injection,Intravenous|Subcutaneous,Single-Dose Vial|Pre-Filled Syringe|Autoinjector,,Licensed,"9/29/2023|March 05, 2024|January 24, 2025|24-Jan-25",tocilizumab,Actemra,,Original,2344|2146|1996,1|2|3|001|002|003|004|005|4|5,CDER,,,Date TBD,,,,351(k) Biosimilar,Rx,,,
bimekizumab,bimekizumab-bkzx,2023|2024,N,"UCB, Inc.",761151,Bimzelx,351(a),160MG/ML|320MG/2ML (160MG/2ML),Injection,Subcutaneous,Pre-Filled Syringe|Autoinjector,,Licensed,10/17/2023|11-Oct-24,,,9,Original|Supplement,1736,1|2|003|004,CDER,,,,,,,351(a),Rx,,,
infliximab,infliximab-dyyb,2023,N,"CELLTRION, Inc.",761358,Zymfentra,,120MG/ML,Injection,Subcutaneous,Pre-Filled Syringe|Autoinjector,,Licensed,10/20/2023,,,,Original,1996,1|2,CDER,,,,,,,351(a),Rx,,,
benralizumab,benralizumab,2024,N,AstraZeneca AB,761070,Fasenra,351(a),10MG/0.5ML,Injection,Subcutaneous,Pre-Filled Syringe,,Licensed,"April 05, 2024",,,20,Supplement,2059,003,CDER,,,,,,,,Rx,,,
nogapendekin alfa inbakicept-pmln,nogapendekin alfa inbakicept-pmln,2024,N,"Altor BioScience, LLC, an indirect wholly-owned subsidiary of ImmunityBio, Inc.",761336,Anktiva,351(a),400MCG/0.4ML,Solution,Intravesical,Single-Dose Vial,,Licensed,"April 22, 2024",,,,Original,2302,001,CDER,,,,,,,,Rx,,,
ixekizumab,ixekizumab,2024,N,Eli Lilly and Company,125521,Taltz,351(a),40MG/0.5ML|20MG/0.25ML,Injection,Subcutaneous,Pre-Filled Syringe,,Licensed,"August 20, 2024",,,32,Supplement,1891,003|004,CDER,,,,,,,,Rx,,,
denileukin diftitox-cxdl,denileukin diftitox-cxdl,2024,N,"Citius Pharmaceuticals, Inc.",761312,Lymphir,351(a),300MCG,For Injection,Intravenous,Single-Dose Vial,,Licensed,"August 07, 2024",,,,Original,2290,001,CDER,,,,,,,,Rx,,,
nemolizumab-ilto,nemolizumab-ilto,2024,N,"Galderma Laboratories, L.P.",761390,Nemluvio,351(a),30MG,For Injection,Subcutaneous,Autoinjector,,Licensed,"August 12, 2024",,,,Original,2289,001,CDER,,,,,,,,Rx,,,
axatilimab-csfr,axatilimab-csfr,2024,N,Incyte Corporation,761411,Niktimvo,351(a),50MG/ML,Injection,Intravenous,Single-Dose Vial,,Licensed,"August 14, 2024",,,,Original,2228,001,CDER,,,,,,,,Rx,,,
afamitresgene autoleucel,afamitresgene autoleucel,2024,N,Adaptimmune LLC,125789,tecelra,351(a),2.68 x 10^9 to 10 x 10^9 CELL/ML,Suspension,Intravenous,Bag,,Licensed,"August 01, 2024",,,0,Original,2315,001,CBER,,,,,,,,Rx,,,
remestemcel-L-rknd,remestemcel-L-rknd,2024,N,"Mesoblast, Inc.",125706,ryoncil,351(a),6.68X10^CELL/ML,Suspension,Intravenous,Single-Dose Vial,,Licensed,18-Dec-24,,,0,Original,2140,1,CBER,,,,,,,,Rx,,,
"HPC, Cord Blood","HPC, Cord Blood",2024,N,"StemCyte, Inc.",125764,regenecyte,351(a),TOTAL NUCLEATED CELLS/KGCELL/ML,Injection,Intravenous,Bag,,Licensed,21-Nov-24,,,0,Original,2280,1,CBER,,,,,,,,Rx,,,
acellular tissue engineered vessel-tyod,acellular tissue engineered vessel-tyod,2024,N,Humacyte Global Inc.,125812,symvess,351(a),"6 MM INTERNAL DIAMETER,~42 CM LENGTH",Implant,Implantation,Tray & Lid,,Licensed,19-Dec-24,,,0,Original,2336,1,CBER,,,,,,,,Rx,,,
nivolumab and hyaluronidase,nivolumab and hyaluronidase-nvhy,2024|2025,N,Bristol-Myers Squibb Company,761381,Opdivo Qvantig,351(a),"600MG/5ML;10,000 UNITS/5ML (120MG/2,000UNITS/ML)|300MG/2.5ML;5,000UNITS/2.5ML (120MG/2,000UNITS/ML)",Injection,Subcutaneous,Single-Dose Vial,,Licensed,27-Dec-24|24-Nov-25,N/A,N/A,5,Original|Supplement,1713,1|2,CDER,,,,,,,,Rx,,,
zenocutuzumab-zbco,zenocutuzumab-zbco,2024,N,Merus NV,761352,Bizengri,351(a),375MG/18.75ML (20MG/ML),Injection,Intravenous,Single-Dose Vial,,Licensed,4-Dec-24,,,,Original,2310,1,CDER,,,,,4-Dec-31,,,Rx,,,
cosibelimab-ipdl,cosibelimab-ipdl,2024,N,"Checkpoint Therapeutics, Inc.",761297,Unloxcyt,351(a),300MG/5ML (60MG/ML),Injection,Intravenous,Single-Dose Vial,,Licensed,13-Dec-24,,,,Original,2275,1,CDER,,,,,,,,Rx,,,
concizumab,concizumab-mtci,2024,N,Novo Nordisk Inc.,761315,Alhemo,351(a),60MG/1.5ML (40MG/ML)|150MG/1.5ML (100MG/ML)|300MG/3ML (100MG/ML),Injection,Subcutaneous,Autoinjector,,Licensed,20-Dec-24,,,,Original,1261,1|2|3,CDER,,,,,,,,Rx,,,
Lifileucel,Lifileucel,2024,N,"Iovance Biotherapeutics, Inc.",125773,AMTAGVI,351(a),7.5x10^9 to 72x10^9Cells,Suspension,Intravenous,Bag,,Licensed,"February 16, 2024",,,0,Original,2298,001,CBER,,,,,,,,Rx,,,
omalizumab,omalizumab|omalizumab-igec,2023|2025,N,"Genentech, Inc.|CELLTRION, Inc.",103976|761399,Xolair|Omlyclo,351(a)|351(k) Interchangeable,300MG/2ML|75MG/0.5ML|150MG/ML|300MG/2ML (150MG/ML),Injection,Subcutaneous,Pre-Filled Syringe|Autoinjector,,Licensed,"August 17, 2023|1-Dec-25|7-Mar-25",omalizumab,Xolair,5242,Supplement|Original,1048|1996,004|005|006|007|3|1|2,CDER,,,Date TBD,,,,,Rx,,,
crovalimab-akkz,crovalimab-akkz,2024,N,"Genentech, Inc.",761388,Piasky,351(a),340MG/2ML (170MG/ML),Injection,"Intravenous, Subcutaneous",Single-Dose Vial,,Licensed,"June 20, 2024",,,,Original,1080,001,CDER,,,,,,,,Rx,,,
donanemab-azbt,donanemab-azbt,2024,N,Eli Lilly and Company,761248,Kisunla,351(a),350MG/20ML (17.5MG/ML),Injection,Intravenous,Single-Dose Vial,,Licensed,"July 02, 2024",,,,Original,1891,001,CDER,,,,,,,,Rx,,,
eculizumab,eculizumab-aagh|eculizumab-aeeb,2024,N,"Samsung Bioepis Co., Ltd.|Amgen Inc.",761340|761333,Epysqli|Bkemv,351(k) Biosimilar|351(k) Interchangeable,300MG/30ML (10MG/ML),Injection,Intravenous,Single-Dose Vial,,Licensed,"July 19, 2024|May 28, 2024",eculizumab,Soliris,,Original,2046|1080,001,CDER,,,Date TBD,,,,,Rx,,,
"Immune Globulin Subcutaneous (Human), 20% Liquid","Immune Globulin Subcutaneous (Human), 20% Liquid",2023,N,CSL Behring AG,125350,Hizentra,351(a),10G/50ML,Injection,Subcutaneous,Pre-Filled Syringe,,Licensed,"April 13, 2023",,,1217,Supplement,1766,005,CBER,,,,,"March 15, 2025",,,Rx,,,
coagulation factor VIIa (recombinant)-jncw,coagulation factor VIIa (recombinant)-jncw,2024,N,Laboratoire Francais du Fractionnement et des Biotechnologies S.A.,125641,Sevenfact,351(a),2MG,Injection,Intravenous,Single-Dose Vial,,Licensed,"June 20, 2024",,,128,Supplement,2061,003,CBER,,,,,,,,Rx,,,
"Respiratory Syncytial Virus Vaccine, mRNA (mRNA-1345)","Respiratory Syncytial Virus Vaccine, mRNA (mRNA-1345)",2024,N,"ModernaTX, Inc.",125796,mresvia,351(a),50UG/.5ML,For Injection,Intramuscular,Pre-Filled Syringe,,Licensed,"May 31, 2024",,,0,Original,2256,001,CBER,,,,,,,,Rx,,,
Pneumococcal 21-valent Conjugate Vaccine,Pneumococcal 21-valent Conjugate Vaccine,2024,N,Merck Sharp & Dohme LLC,125814,CAPVAXIVE,351(a),84UG/.5ML,Injection,Intramuscular,Pre-Filled Syringe,,Licensed,"June 17, 2024",,,0,Original,0002,001,CBER,,,,,,,,Rx,,,
atidarsagene autotemcel,atidarsagene autotemcel,2024,N,Orchard Therapeutics (Europe) Ltd.,125758,Lenmeldy,351(a),2 x 10^6 to 11.8 x 10^6,Suspension,Intravenous,Bag,,Licensed,"March 18, 2024",,,0,Original,2263,001,CBER,,,,,,,,Rx,,,
emicizumab,emicizumab-kxwh,2023|2024,N,"Genentech, Inc.",761083,Hemlibra,351(a),300MG/2ML (150MG/ML)|12MG/0.4ML,Injection,Subcutaneous,Single-Dose Vial,,Licensed,"March 16, 2023|January 31, 2024",,,17|18,Supplement,1048,005|006,CDER,,,,,"October 04, 2025",,,Rx,,,
denosumab,denosumab-bbdz|denosumab-mobz|denosumab-bnht|denosumab-dssb|denosumab-bmwo|denosumab-desu|denosumab-qbde|denosumab-kyqq|denosumab-nxxp|denosumab-adet,2024|2025|2026,N,"Sandoz Inc.|Amneal Pharmaceuticals LLC|Fresenius Kabi USA, LLC|Samsung Bioepis Co., Ltd.|CELLTRION, Inc.|Accord BioPharma Inc.|Hikma Pharmaceuticals USA Inc.|Biocon Biologics Inc.|Shanghai Henlius Biotech, Inc.|Teva Pharmaceuticals, Inc.",761362|761456|761457|761398|761392|761404|761424|761439|761436|761444|761385,Jubbonti|Wyost|Boncresa|Oziltus|Conexxence|Bomyntra|Ospomyv|Xbryk|Stoboclo|Osenvelt|Osvyrti|Jubereq|Enoby|Xtrenbo|Bosaya|Aukelso|Bildyos|Bilprevda|Ponlimsi,351(k) Interchangeable|351(k) Biosimilar,60MG/ML|120MG/1.7ML (70MG/ML),Injection,Subcutaneous,Pre-Filled Syringe|Single-Dose Vial,,Licensed,"March 05, 2024|19-Dec-25|March 25, 2025|13-Feb-25|28-Feb-25|29-Oct-25|26-Sep-25|September 16, 2025|August 29, 2025|March 27, 2026",denosumab,Prolia|Xgeva,,Original,2003|2241|2146|2046|1996|2105|2356|2324|2354|2325,001|002|1|003|2,CDER,,,Date TBD,,,,351(k) Interchangeable,Rx,"March 27, 2026",,
tislelizumab-jsgr,tislelizumab-jsgr,2024,N,"BeiGene USA, Inc.",761232,Tevimbra,351(a),100MG/10ML (10MG/ML),Injection,Intravenous,Single-Dose Vial,,Licensed,"March 13, 2024",,,,Original,2232,001,CDER,,,,,,,,Rx,,,
sotatercept,sotatercept-csrk,2024,N,Merck Sharp & Dohme LLC,761363,Winrevair,351(a),45MG|60MG,For Injection,Subcutaneous,Single-Dose Vial,,Licensed,"March 26, 2024",,,,Original,0002,001|002,CDER,,,,,,,,Rx,,,
tarlatamab,tarlatamab-dlle,2024,N,Amgen Inc.,761344,Imdelltra,351(a),1MG|10MG,Injection,Intravenous,Single-Dose Vial,,Licensed,16-May-24,,,,Original,1080,1|2,CDER,,,,,,,,Rx,,,
zanidatamab-hrii,zanidatamab-hrii,2024,N,Jazz Pharmaceuticals Ireland Limited,761416,Ziihera,351(a),300MG,For Injection,Intravenous,Single-Dose Vial,,Licensed,20-Nov-24,,,,Original,2167,001,CDER,,,,,,,,Rx,,,
eladocagene exuparvovec-tneq,eladocagene exuparvovec-tneq,2024,N,PTC Therapeutics,125722,KEBILIDI,351(a),5.6x10^11VG/ML,Suspension,Intraputaminal,Single-Dose Vial,,Licensed,13-Nov-24,,,0,Original,2168,001,CBER,,,,,,,,Rx,,,
Obecabtagene autoleucel,Obecabtagene autoleucel,2024,N,"Autolus, Inc.",125813,Aucatzyl,351(a),10 × 10^6CELL/ML|100 × 10^6CELL/ML|300 × 10^6CELL/ML,Suspension,Intravenous,Bag,,Licensed,8-Nov-24,,,0,Original,2339,001|002|003,CBER,,,,,,,,Rx,,,
marstacimab,marstacimab-hncq,2024,N,Pfizer Inc.,761369,Hympavzi,351(a),150MG/ML,Injection,Subcutaneous,Pre-Filled Syringe|Autoinjector,,Licensed,"October 11, 2024",,,,Original,2001,001|002,CDER,,,,,,,,Rx,,,
zolbetuximab,zolbetuximab-clzb,2024|2025,N,"Astellas Pharma US, Inc.",761365,Vyloy,351(a),100MG|300MG,Injection,Intravenous,Single-Dose Vial,,Licensed,"October 18, 2024|March 24, 2025",N/A,N/A,2,Original|Supplement,2124,001|002,CDER,,,,,"October 18, 2031",,,Rx,,,
atezolizumab and hyaluronidase-tqjs,atezolizumab and hyaluronidase-tqjs,2024,N,"Genentech, Inc.",761347,Tecentriq Hybreza,351(a),"1,875MG/15ML; 30,000UNITS/15ML (125MG/2,000UNITS/ML)",Injection,Subcutaneous,Single-Dose Vial,,Licensed,"September 12, 2024",,,,Original,1048,001,CDER,,,,,,,,Rx,,,
guselkumab,guselkumab,2024|2025,N,"Janssen Biotech, Inc.",761061,Tremfya,351(a),200MG/2ML (100MG/ML)|200MG/20ML (10MG/ML)|100MG/ML,Injection,Subcutaneous|Intravenous,Autoinjector|Pre-Filled Syringe|Single-Dose Vial,,Licensed,"September 11, 2024|25-Mar-25",N/A,N/A,21|27,Supplement,1864,003|004|005|6,CDER,,,,,,,,Rx,,,
ocrelizumab and hyaluronidase-ocsq,ocrelizumab and hyaluronidase-ocsq,2024,N,"Genentech, Inc.",761371,Ocrevus Zunovo,351(a),"920MG/23ML; 23,000UNITS/23ML (40MG/1,000UNITS/ML)",Injection,Subcutaneous,Single-Dose Vial,,Licensed,"September 13, 2024",,,,Original,1048,001,CDER,,,,,,,,Rx,,,
lebrikizumab,lebrikizumab-lbkz,2024,N,Eli Lilly and Company,761306,Ebglyss,351(a),250MG/2ML,Injection,Subcutaneous,Autoinjector|Pre-Filled Syringe,,Licensed,"September 13, 2024",,,,Original,1891,001|002,CDER,,,,,,,,Rx,,,
"Antihemophilic factor (recombinant), PEGylated-aucl","Antihemophilic factor (recombinant), PEGylated-aucl",2024,N,Bayer HealthCare LLC,125661,Jivi,351(a),4000IU,For Injection,Intravenous,Single-Dose Vial,,Licensed,"December 2, 2024",N/A,N/A,982,Supplement,0008,005,CBER,,,,,,,,Rx,,,
"Smallpox and Mpox Vaccine, Live, Non-replicating","Smallpox and Mpox Vaccine, Live, Non-replicating",2025,N,Bavarian Nordic A/S,125678,Jynneos,351(a),0.5-3.95 X 10E8 INF. U/.5ML,For Injection,Subcutaneous,Single-Dose Vial,,Licensed,"March 21, 2025",N/A,N/A,119,Supplement,2096,002,CBER,,,,,,,,Rx,,,
PAPZIMEOS,PAPZIMEOS,2025,N,"Precigen, Inc.",125832,PAPZIMEOS,351(a),5x10^11PARTICLE UNITS,For Injection,Subcutaneous,Single-Dose Vial,,Licensed,"August 14, 2025",N/A,N/A,0,Original,2364,001,CBER,,,,,,,,Rx,,,
acellular nerve allograft-arwx,acellular nerve allograft-arwx,2025,N,Axogen Corporation,125816,avance nerve graft,351(a),"1•LENGTHS: 15 MM, 30 MM, 50 MM, AND 70 MM 
•DIAMETERS: 1 TO 2 MM, 2 TO 3 MM, 3",Implant,Implantation,Pouch,,Licensed,3-Dec-25,N/A,N/A,0,Original,2340,1,CBER,,,,,,,,Rx,,,
"fibrinogen, human–chmt","fibrinogen, human–chmt",2025,N,"Grifols Therapeutics, LLC",125833,FESILTY,351(a),1G/50ML,For Injection,Intravenous,Single-Dose Vial,,Licensed,16-Dec-25,N/A,N/A,0,Original,1871,1,CBER,,,,,,,,Rx,,,
etuvetidigene autotemcel,etuvetidigene autotemcel,2025,N,Fondazione Telethon Ets,125846,waskyra,351(a),1.9-11.4x10^6CD34+ CELLS/ML,Solution,Intravenous,Bag,,Licensed,9-Dec-25,N/A,N/A,0,Original,2378,1,CBER,,,,,,,,Rx,,,
onasemnogene abeparvovec-brve,onasemnogene abeparvovec-brve,2025,N,"Novartis Gene Therapies, Inc.",125856,ITVISMA,351(a),4x10^13VG/ML,Injection,Intrathecal,Single-Dose Vial,,Licensed,24-Nov-25,,N/A,0,Original,2250,1,CBER,,,,,,,,Rx,,,
narsoplimab-wuug,narsoplimab-wuug,2025,N,Omeros Corporation,761152,Yartemlea,351(a),370MG/2ML,Injection,Intravenous,Single-Dose Vial,,Licensed,23-Dec-25,N/A,N/A,,Original,2141,1,CDER,,,,,,,,Rx,,,
lerodalcibep-liga,lerodalcibep-liga,2025,N,"LIB Therapeutics, Inc.",761427,Lerochol,351(a),300MG/1.2ML (250MG/ML),Injection,Subcutaneous,Pre-Filled Syringe,,Licensed,12-Dec-25,N/A,N/A,,Original,2352,1,CDER,,,,,,,,Rx,,,
depemokimab,depemokimab-ulaa,2025,N,GlaxoSmithKline LLC,761458,Exdensur,351(a),100MG/ML,Injection,Subcutaneous,Autoinjector|Pre-Filled Syringe,,Licensed,16-Dec-25,N/A,N/A,,Original,1727,1|2,CDER,,,,,,,,Rx,,,
datopotamab deruxtecan,datopotamab deruxtecan-dlnk,2025,N,"Daiichi Sankyo, Inc",761394,Datroway,351(a),100MG,Injection,Intravenous,Single-Dose Vial,,Licensed,"January 17, 2025|17-Jan-25",,,,Original,2128,001|1,CDER,,,,,,,,Rx,,,
letibotulinumtoxinA,letibotulinumtoxinA-wlbg,2024,N,"Hugel, Inc.",761225,Letybo,351(a),50UNITS|100UNITS,For Injection,Intramuscular,Single-Dose Vial,,Licensed,"February 29, 2024|29-Feb-24",,,,Original,2237,001|002|1|2,CDER,,,,,,,,Rx,,,
"Chikungunya Vaccine, Recombinant","Chikungunya Vaccine, Recombinant",2025,N,Bavarian Nordic A/S,125820,VIMKUNYA,351(a),40UG/0.8ML,Injection,Intramuscular,Pre-Filled Syringe,,Licensed,"February 14, 2025",,,0,Original,2096,001,CBER,,,,,,,,Rx,,,
linvoseltamab,linvoseltamab-gcpt,2025,N,"Regeneron Pharmaceuticals, Inc.",761400,Lynozyfic,351(a),5MG/2.5ML (2MG/ML)|200MG/10ML (20MG/ML),Injection,Intravenous,Single-Dose Vial,,Licensed,"July 02, 2025",N/A,N/A,,Original,1760,001|002,CDER,,,,,,,,Rx,,,
clesrovimab-cfor,clesrovimab-cfor,2025,N,Merck Sharp & Dohme LLC,761432,Enflonsia,351(a),105MG/0.7ML,Injection,Intramuscular,Pre-Filled Syringe,,Licensed,"June 09, 2025",N/A,N/A,,Original,0002,001,CDER,,,,,,,,Rx,,,
garadacimab,garadacimab-gxii,2025,N,CSL Behring LLC,761367,Andembry,351(a),200MG/1.2ML (167MG/ML),Injection,Subcutaneous,Autoinjector|Pre-Filled Syringe,,Licensed,"June 16, 2025",N/A,N/A,,Original,1767,001|002,CDER,,,,,,,,Rx,,,
tenecteplase,tenecteplase,2025,N,"Genentech, Inc.",103909,TNKase,351(a),25MG,For Injection,Intravenous,Single-Dose Vial,,Licensed,28-Feb-25,,,5197,Supplement,1048,2,CDER,,,,,,,,Rx,,,
revakinagene taroretcel-lwey,revakinagene taroretcel-lwey,2025,N,Neurotech Pharmaceuticals Inc.,125798,encelto,351(a),"200,000-440,000CELLS/IMPLANT",Implant,Implantation,Capsule,,Licensed,5-Mar-25,,,0,Original,2321,1,CBER,,,,,,,,Rx,,,
penpulimab-kcqx,penpulimab-kcqx,2025,N,"Akeso Biopharma Co., Ltd.",761258,N/A,351(a),100MG/10ML (10MG/ML),Injection,Intravenous,Single-Dose Vial,,Licensed,"April 23, 2025",,,,Original,2253,001,CDER,,,,,,,,Rx,,,
telisotuzumab vedotin,telisotuzumab vedotin-tllv,2025,N,AbbVie Inc.,761384,Emrelis,351(a),20MG|100MG,Injection,Intravenous,Single-Dose Vial,,Licensed,"May 14, 2025",,,,Original,1889,001|002,CDER,,,,,,,,Rx,,,
nipocalimab,nipocalimab-aahu,2025,N,"Janssen Biotech, Inc.",761430,Imaavy,351(a),"300MG/1.62ML (185MG/ML)|1,200MG/6.5ML (185MG/ML)",Injection,Intravenous,Single-Dose Vial,,Licensed,"April 29, 2025",,,,Original,1864,001|002,CDER,,,,,,,,Rx,,,
Prademagene zamikeracel,Prademagene zamikeracel,2025,N,Abeona Therapeutics Inc.,125807,zevaskyn,351(a),41.25CM^2,Cellular Sheet,Topical,Tray & Lid,,Licensed,"April 28, 2025",,,0,Original,2329,001,CBER,,,,,,,,Rx,,,
sibeprenlimab-szsi,sibeprenlimab-szsi,2025,N,"Otsuka Pharmaceutical Company, Ltd.",761434,Voyxact,351(a),400MG/2ML (200MG/ML),Injection,Subcutaneous,Pre-Filled Syringe,,Licensed,25-Nov-25,N/A,N/A,,Original,2387,1,CDER,,,,,,,,Rx,,,
pertuzumab-dpzb,pertuzumab-dpzb,2025,N,"Shanghai Henlius Biotech, Inc.",761450,Poherdy,351(k) Interchangeable,420MG/14ML (30MG/ML),Injection,Intravenous,Single-Dose Vial,,Licensed,13-Nov-25,pertuzumab,Perjeta,,Original,2354,1,CDER,,,Date TBD,,,,,Rx,,,
"Immune Globulin Intravenous, Human","Immune Globulin Intravenous, Human-kthm, 10% Solution",2025,N,"Kedrion, S.p.A.",125822,QIVIGY,351(a),5G/50ML|10G/100ML,Solution,Intravenous,Single-Dose Vial,,Licensed,26-Sep-25,N/A,,0,Original,1851,1|2,CBER,,,,,,,,Rx,,,
pegloticase,pegloticase,2025,N,Horizon Therapeutics Ireland DAC,125293,Krystexxa,351(a),8MG/50ML (0.16MG/ML),Injection,Intravenous,Single-Dose Vial,,Licensed,"August 29, 2025",N/A,N/A,109,Supplement,2022,002,CDER,,,,,"September 14, 2017",,,Rx,,,
pembrolizumab and berahyaluronidase alfa,pembrolizumab and berahyaluronidase alfa-pmph,2025,N,Merck Sharp & Dohme LLC,761467,Keytruda Qlex,351(a),"395MG/2.4ML; 4,800UNITS/2.4ML (165MG/2,000UNITS/ML)|790MG/4.8ML; 9,600UNITS/4.8ML (165MG/2,000UNITS/ML)",Injection,Subcutaneous,Single-Dose Vial,,Licensed,"September 19, 2025",N/A,N/A,,Original,0002,001|002,CDER,,,,,,,,Rx,,,
marnetegragene autotemcel,marnetegragene autotemcel,2026,N,Rocket Pharmaceuticals Inc,125806,kresladi,,0.34 to 6.1  10^6 cells/mL (including 0.32 to 6.1  10^6 CD34+ cells/mL),Suspension,Intravenous,Bag,,Licensed,"March 26, 2026",,,0,Original,2328,001,CBER,,,,,,,351(a),Rx,,,
lunsotogene parvec-cwha,lunsotogene parvec-cwha,2026,N,"Regeneron Pharmaceuticals, Inc.",125874,OTARMENI,,3x10^13VG/ML,Suspension,Intracochlear,Single-Dose Vial,,Licensed,"April 23, 2026",,,0,Original,1760,001,CBER,,,,,,,351(a),Rx,,,
tividenofusp alfa-eknm,tividenofusp alfa-eknm,2026,N,Denali Therapeutics Inc.,761485,Avlayah,,150MG,For Injection,Intravenous,Single-Dose Vial,,Licensed,"March 24, 2026",,,,Original,2385,001,CDER,,,,,,,351(a),Rx,,,
insulin icodec,insulin icodec-abae,2026,N,Novo Nordisk Inc.,761326,Awiqli,,"2,100UNITS/3ML (700UNITS/ML)|1,050UNITS/1.5ML (700UNITS/ML)|700UNITS/ML",Injection,Subcutaneous,Autoinjector,,Licensed,"March 26, 2026",,,,Original,1261,001|002|003,CDER,,,,,,,351(a),Rx,,,
pegzilarginase,pegzilarginase-nbln,2026,N,Immedica Pharma AB,761211,Loargys,351(a),2MG/0.4ML|5MG/ML,Injection,"Intravenous, Subcutaneous",Single-Dose Vial,,Licensed,23-Feb-26,N/A,N/A,,Original,2342,1|2,CDER,,,,,,,,Rx,,,
amivantamab and hyaluronidase,amivantamab and hyaluronidase-lpuj,2026,N,"Janssen Biotech, Inc.",761484,Rybrevant Faspro,351(a),"1,600MG/10ML; 20,000UNITS/10ML (160MG/2,000UNITS/ML)|2,240MG/14ML; 28,000UNITS/14ML (160MG/2,000UNITS/ML)|2,400MG/15ML; 30,000UNITS (160MG/2,000UNITS/ML)|3,520MG/22ML; 44,000UNITS (160MG/2,000UNITS/ML)",Injection,Subcutaneous,Single-Dose Vial,,Licensed,13-Feb-26,N/A,N/A,,Original,1864,1|2|3|4,CDER,,,,,,,,Rx,,,
tesamorelin,tesamorelin,2025,N,Theratechnologies Inc.,22505,Egrifta WR,351(a),11.6MG,For Injection,Subcutaneous,Multi-Dose Vial,,Licensed,25-Mar-25,N/A,N/A,20,Supplement,2091,3,CDER,,,,,,,,Rx,,,
