Proper Name,File Name(s),Applicant(s),BLA Number(s),Proprietary Name(s),Strength (merged),Dosage Form(s),Route of Administration,Approval Date(s)
acellular nerve allograft-arwx,2025_december.csv,Axogen Corporation,125816,avance nerve graft,"1•LENGTHS: 15 MM, 30 MM, 50 MM, AND 70 MM 
•DIAMETERS: 1 TO 2 MM, 2 TO 3 MM, 3",Implant,Implantation,3-Dec-25
acellular tissue engineered vessel-tyod,2024_december.csv,Humacyte Global Inc.,125812,symvess,"6 MM INTERNAL DIAMETER,~42 CM LENGTH",Implant,Implantation,19-Dec-24
adalimumab-aacf,2022_december.csv | 2024_january.csv,"Fresenius Kabi USA, LLC",761255,Idacio,40MG/0.8ML,Injection,Subcutaneous,"12/13/2022 | January 05, 2024"
adalimumab-aaty,2023_june.csv | 2023_october.csv,"CELLTRION, Inc.",761219,Yuflyma,20MG/0.2ML | 40MG/0.4ML | 80MG/0.8ML,Injection,Subcutaneous,5/23/2023 | 9/29/2023
adalimumab-adaz,2022_march.csv | 2023_march.csv,Sandoz Inc.,761071,Hyrimoz,10MG/0.1ML | 10MG/0.2ML | 20MG/0.2ML | 20MG/0.4ML | 40MG/0.4ML | 80MG/0.8ML,Injection,Subcutaneous,03/28/2022 | 3/20/2023 | 3/28/22
adalimumab-adbm,2024_may.csv,"Boehringer Ingelheim Pharmaceuticals, Inc.",761058,Cyltezo,40MG/0.4ML,Injection,Subcutaneous,30-Apr-24
adalimumab-aqvh,2021_december.csv | 2023_march.csv,"Coherus BioSciences, Inc.",761216,Yusimry,40MG/0.8ML,Injection,Subcutaneous,12/17/2021 | 2/27/2023
adalimumab-atto,2023_april.csv | 2023_august.csv | 2023_september.csv,Amgen Inc.,761024,Amjevita,10MG/0.2ML | 20MG/0.2ML | 40MG/0.4ML | 80MG/0.8ML,Injection,Subcutaneous,4/6/2023 | 8/14/2023
adalimumab-bwwd,2022_august.csv | 2022_june.csv,"Samsung Bioepis Co., Ltd.",761059,Hadlima,40MG/0.4ML | 40MG/0.8ML,Injection,Subcutaneous,06/17/2022 | 08/15/2022
adalimumab-fkjp,2020_july.csv,Mylan Pharmaceuticals Inc.,761154,Hulio,20 mg/0.4ML | 40 mg/0.8ML,Injection,Subcutaneous,7/6/2020
adalimumab-ryvk,2024_february.csv | 2024_july.csv | 2025_march.csv,Alvotech USA Inc.,761299,Simlandi,20MG/0.2ML | 40MG/0.4ML | 80MG/0.8ML,Injection,Subcutaneous,"14-Feb-25 | February 23, 2024 | June 26, 2024"
aducanumab-avwa,2021_june.csv,Biogen Inc.,761178,Aduhelm,170MG/1.7ML (100MG/ML) | 300MG/3ML (100MG/ML),Injection,Intravenous,06/07/2021
afamitresgene autoleucel,2024_august.csv,Adaptimmune LLC,125789,tecelra,2.68 x 10^9 to 10 x 10^9 CELL/ML,Suspension,Intravenous,"August 01, 2024"
aflibercept,2023_august.csv | 2023_september.csv,"Regeneron Pharmaceuticals, Inc.",761355,Eylea HD,8MG/0.07ML,Injection,Intravitreal,8/18/2023
aflibercept-abzv,2024_august.csv,Sandoz Inc.,761382,Enzeevu,2MG/0.05ML,Injection,Intravitreal,"August 09, 2024"
aflibercept-ayyh,2024_august.csv,Amgen Inc.,761298,Pavblu,2MG/0.05ML,Injection,Intravitreal,"August 23, 2024"
aflibercept-boav,2025_november.csv,"CELLTRION, Inc.",761377,Eydenzelt,2MG/0.05ML,Injection,Intravitreal,2-Oct-25
aflibercept-jbvf,2024_may.csv | 2026_january.csv,Biocon Biologics Inc.,761274,Yesafili,2MG/0.05ML,Injection,Intravitreal,13-Jan-26 | 20-May-24
aflibercept-mrbb,2024_july.csv | 2025_december.csv,Formycon AG,761378,Ahzantive,2MG/0.05ML,Injection,Intravitreal,"17-Apr-25 | June 28, 2024"
aflibercept-yszy,2024_may.csv,"Samsung Bioepis Co., Ltd.",761350,Opuviz,2MG/0.05ML,Injection,Intravitreal,20-May-24
Albumin (Human),2022_august.csv | 2023_june.csv,"Baxalta US Inc. | CSL Behring AG | CSL Behring LLC | Grifols Biologicals LLC | Grifols Therapeutics LLC | Instituto Grifols, S.A. | Octapharma Pharmazeutika Produktionsges.m.b.H.",101138 | 101452 | 102366 | 102478 | 103352 | 103955 | 125154,"Albuked, Plasbumin-20, Plasbumin-25, Plasbumin-5 | Albuminar, Albuminar-20, Albuminar-25, Albuminar-5 | Alburx | Albutein | Buminate, Flexbumin | Human Albumin Grifols",10G/50ML | 12.5G/250ML | 12.5G/50M: | 12.5G/50ML | 12.5ML/250ML | 2.5G/50ML | 20G/100ML | 25G/100ML | 25G/500ML | 5G/100ML | 5G/20ML,For Injection | Injection,Intravenous,02/17/1995 | 03/03/1954 | 03/17/2000 | 06/11/2003 | 07/17/2000 | 07/23/1976 | 08/15/1978 | 09/27/2007 | 10/17/2006 | 10/21/1942 | 11/29/2022
Albumin (Human)-kjda,2022_august.csv,Bio Products Laboratory,125644,Albuminex,12.5G/250ML | 25G/500ML,Solution,Intravenous,06/19/2018
"Allogeneic Keratinocyte Cell Line (NIKS), Seeded on Rat Collagen (BD) Conditioned with Human Dermal Fibroblasts (Clonetics)",2021_june.csv,Stratatech Corporation,125730,StrataGraft,100CM SQUARED,Cell Sheets,Topical,06/15/2021
Allogeneic processed Thymus Tissue,2021_october.csv,Enzyvant Therapeutics GmbH,125685,Rethymic,SEMI-QUANTITATIVE,For Suspension,Implantation,10/08/2021
Alpha-1-Proteinase Inhibitor (Human),2022_october.csv | 2025_august.csv,"Grifols Therapeutics LLC | Takeda Pharmaceuticals U.S.A., Inc.",103174 | 125325,"Glassia | Prolastin, Prolastin-C",4000MG/80ML | 4G | 500MG/10ML | 5G,Injection,Intravenous,"3/5/20 | February 27, 2025"
amivantamab and hyaluronidase-lpuj,2026_february.csv | 2026_march.csv,"Janssen Biotech, Inc.",761484,Rybrevant Faspro,"1,600MG/10ML; 20,000UNITS/10ML (160MG/2,000UNITS/ML) | 2,240MG/14ML; 28,000UNITS/14ML (160MG/2,000UNITS/ML) | 2,400MG/15ML; 30,000UNITS (160MG/2,000UNITS/ML) | 3,520MG/22ML; 44,000UNITS (160MG/2,000UNITS/ML)",Injection,Subcutaneous,13-Feb-26
amivantamab-vmjw,2021_may.csv,"Janssen Biotech, Inc.",761210,Rybrevant,350MG/7ML (50MG/ML),Injection,Intravenous,05/21/2021
anacaulase-bcdb,2023_january.csv,"MediWound, Ltd.",761192,Nexobrid,8.8% (1.94GM) | 8.8% (4.85GM),For Topical Gel,Topical,12/28/2022
anifrolumab-fnia,2021_july.csv | 2026_april.csv,AstraZeneca AB,761123 | 761451,Saphnelo,120MG/0.8ML | 300MG/2ML (150MG/ML),Injection,Intravenous | Subcutaneous,"07/30/2021 | April 24, 2026"
"Animal Allergens, Standardized Cat Hair",2021_may.csv,"Greer Laboratories, Inc. | Jubilant HollisterStier LLC",103397 | 103889,,"10,000BAU/ML | 5,000BAU/ML",Injection,Intradermal | Percutaneous | Subcutaneous,03/13/1924 | 09/15/1958
"Animal Allergens, Standardized Cat Pelt",2021_may.csv,Jubilant HollisterStier LLC,103890,,"10,000BAU/ML",Injection,Subcutaneous,03/13/1924
ansuvimab-zykl,2020_december.csv,Ridgeback Biotherapeutics,761172,Ebanga,400MG,For Injection,Intravenous,12/21/2020
"Anthrax Vaccine Adsorbed, Adjuvanted",2023_july.csv,"Emergent Product Development Gaithersburg, Inc.",125761,CYFENDUS,100UG/ML,Injection,Intramuscular,7/20/2023
"antihemophilic factor (recombinant), Fc-VWF-XTEN fusion protein-ehtl",2023_february.csv,"Bioverativ Therapeutics, Inc.",125771,ALTUVIIIO,1000IU | 2000IU | 250IU | 3000IU | 4000IU | 500IU | 750IU,For Injection,Intravenous,2/22/2023
"Antihemophilic factor (recombinant), PEGylated-aucl",2025_april.csv | 2025_may.csv,Bayer HealthCare LLC,125661,Jivi,4000IU,For Injection,Intravenous,"December 02, 2024 | December 2, 2024"
"Antihemophilic Factor (Recombinant), rAHF",2022_june.csv,Octapharma Pharmazeutika Produktionsges.m.b.H.,125555,Nuwiq,1500IU,For Injection,Intravenous,12/07/2021
asparaginase erwinia chrysanthemi (recombinant)-rywn,2021_june.csv,Jazz Pharmaceuticals Ireland Limited,761179,Rylaze,10MG/0.5ML,Injection,Intramuscular,06/30/2021
atezolizumab and hyaluronidase-tqjs,2024_september.csv,"Genentech, Inc.",761347,Tecentriq Hybreza,"1,875MG/15ML; 30,000UNITS/15ML (125MG/2,000UNITS/ML)",Injection,Subcutaneous,"September 12, 2024"
atidarsagene autotemcel,2024_march.csv,Orchard Therapeutics (Europe) Ltd.,125758,Lenmeldy,2 x 10^6 to 11.8 x 10^6,Suspension,Intravenous,"March 18, 2024"
"atoltivimab, maftivimab, and odesivimab-ebgn",2020_october.csv,"Regeneron Pharmaceuticals, Inc.",761169,Inmazeb,"241.7MG, 241.7MG, 241.7MG/14.5ML (16.67MG, 16.67MG, 16.67MG/ML)",Injection,Intravenous,10/14/2020
avalglucosidase alfa-ngpt,2021_august.csv,Genzyme Corporation,761194,Nexviazyme,100MG,For Injection,Intravenous,08/06/2021
axatilimab-csfr,2024_august.csv,Incyte Corporation,761411,Niktimvo,50MG/ML,Injection,Intravenous,"August 14, 2024"
BCG Live,2022_may.csv,Sanofi Pasteur Limited,103943,TheraCys,81MG,For Injection,Intravesical,02/24/2000
BCG Vaccine,2022_may.csv,Sanofi Pasteur Limited,103942,Mycobax,1.5MG,For Injection,Intradermal,02/24/2000
belantamab mafodotin-blmf,2020_august.csv | 2025_november.csv,GlaxoSmithKline Intellectual Property Development Ltd. England | GlaxoSmithKline LLC,761158 | 761440,Blenrep,100MG | 70MG,For Injection,Intravenous,23-Oct-25 | 8/5/2020
benralizumab,2024_april.csv,AstraZeneca AB,761070,Fasenra,10MG/0.5ML,Injection,Subcutaneous,"April 05, 2024"
benzylpenicilloyl polylysine,2021_september.csv,"AllerQuest, LLC",050114,Pre-Pen,0.25ML,Injection,Intradermal,07/25/1974
beremagene geperpavec-svdt,2023_may.csv,"Krystal Biotech, Inc.",125774,VYJUVEK,5.0x10^9 PFU/mL,Gel,Topical,5/19/2023
betibeglogene autotemcel,2022_august.csv,Bluebird Bio Inc.,125717,Zynteglo,1.7-20 X 10^6CELL/ML,For Injection,Intravenous,08/17/2022
bevacizumab-adcd,2022_october.csv,"CELLTRION, Inc.",761268,Vegzelma,100MG/4ML (25MG/ML),Injection,Intravenous,9/27/22
bevacizumab-maly,2022_april.csv,Amneal Pharmaceuticals LLC,761231,Alymsys,100MG/4ML (25MG/ML) | 400MG/16ML (25MG/ML),Injection,Intravenous,04/13/2022
bevacizumab-nwgd,2025_may.csv,Biocon Biologics Inc.,761175,Jobevne,100MG/4ML (25MG/ML) | 400MG/16ML (25MG/ML),Injection,Intravenous,"April 09, 2025"
bevacizumab-tnjn,2023_december.csv,"Bio-Thera Solutions, Ltd.",761198,Avzivi,100MG/4ML (25MG/ML) | 400MG/16ML (25MG/ML),Injection,Intravenous,12/6/2023
bimekizumab-bkzx,2023_october.csv | 2024_november.csv,"UCB, Inc.",761151,Bimzelx,160MG/ML | 320MG/2ML (160MG/2ML),Injection,Subcutaneous,10/17/2023 | 11-Oct-24
Botulism Antitoxin Bivalent (Equine) Types A and B.,2022_may.csv,Sanofi Pasteur Limited,103937,,5000IU,Injection,Intravenous,02/24/2000
Brexucabtagene Autoleucel,2020_august.csv,Kite Pharma Inc.,125703,Tecartus,2x10^6 CAR-positive viable T cells per kg body weight,For Injection,Intravenous,7/24/2020
brolucizumab-dbll,2022_may.csv,Novartis Pharmaceuticals Corporation,761125,Beovu,6MG/0.05ML,Injection,Intravitreal,05/27/2022
"Chikungunya Vaccine, Recombinant",2025_february.csv,Bavarian Nordic A/S,125820,VIMKUNYA,40UG/0.8ML,Injection,Intramuscular,"February 14, 2025"
Cholera Vaccine Live Oral,2021_january.csv,"Emergent Travel Health, Inc.",125597,Vaxchora,100ML | 50ML,For Suspension,Oral,12/23/2020
ciltacabtagene autoleucel,2022_february.csv,"Janssen Biotech, Inc.",125746,Carvykti,"0.5 to 1.0×10^6 chimeric antigen receptor (CAR)-positive viable T cells per kg of body weight, with a maximum dose of 1×10^8 CAR-positive viable T cells in one infusion",For Injection,Intravenous,02/28/2022
cipaglucosidase alfa-atga,2023_october.csv,"Amicus Therapeutics US, LLC",761204,Pombiliti,105MG,Injection,Intravenous,9/28/2023
clesrovimab-cfor,2025_june.csv,Merck Sharp & Dohme LLC,761432,Enflonsia,105MG/0.7ML,Injection,Intramuscular,"June 09, 2025"
"Coagulation Factor IX (Recombinant), GlycoPEGylated",2023_june.csv,Novo Nordisk Inc.,125611,Rebinyn,3000IU,For Injection,Intravenous,8/11/2022
Coagulation Factor VIIa (Recombinant),2020_august.csv,Laboratoire Francais du Fractionnement et des Biotechnologies S.A.,125641,Sevenfact,1MG | 5MG,Injection,Intravenous,4/1/2020
coagulation factor VIIa (recombinant)-jncw,2024_july.csv,Laboratoire Francais du Fractionnement et des Biotechnologies S.A.,125641,Sevenfact,2MG,Injection,Intravenous,"June 20, 2024"
collagenase clostridium histolyticum-aaes,2020_july.csv,Endo Global Aesthetics Limited,761146,Qwo,.92mg | 1.84mg,For Injection,Subcutaneous,7/6/2020
concizumab-mtci,2024_december.csv,Novo Nordisk Inc.,761315,Alhemo,150MG/1.5ML (100MG/ML) | 300MG/3ML (100MG/ML) | 60MG/1.5ML (40MG/ML),Injection,Subcutaneous,20-Dec-24
cosibelimab-ipdl,2024_december.csv,"Checkpoint Therapeutics, Inc.",761297,Unloxcyt,300MG/5ML (60MG/ML),Injection,Intravenous,13-Dec-24
"COVID-19 Vaccine, Adjuvanted",2025_may.csv,"Novavax, Inc.",125817,NUVAXOVID,5UG,Injection,Intramuscular,"May 16, 2025"
"COVID-19 Vaccine, mRNA",2021_august.csv | 2022_january.csv | 2025_july.csv | 2025_june.csv | 2025_september.csv,"BioNTech Manufacturing GmbH | ModernaTX, Inc.",125742 | 125752 | 125835,Comirnaty | Spikevax | mnexspike,100UG | 10UG | 25UG/0.25mL | 30UG,For Injection | Injection,Intramuscular,"01/31/2022 | 08/23/2021 | August 27, 2025 | July 09, 2025 | May 30, 2025"
crovalimab-akkz,2024_july.csv,"Genentech, Inc.",761388,Piasky,340MG/2ML (170MG/ML),Injection,"Intravenous, Subcutaneous","June 20, 2024"
datopotamab deruxtecan-dlnk,2025_february.csv | 2025_january.csv,"Daiichi Sankyo, Inc",761394,Datroway,100MG,Injection,Intravenous,"17-Jan-25 | January 17, 2025"
daxibotulinumtoxinA-lanm,2022_september.csv,"Revance Therapeutics, Inc.",761127,Daxxify,100UNITS | 50UNITS,For Injection,Intramuscular,09/07/2022
delandistrogene moxeparvovec-rokl,2023_june.csv,"Sarepta Therapeutics, Inc.",125781,ELEVIDYS,1.33 ×10E14 vector genomes (vg)/kg/bodyweight(bw),Suspension,Intravenous,6/22/2023
denileukin diftitox-cxdl,2024_august.csv,"Citius Pharmaceuticals, Inc.",761312,Lymphir,300MCG,For Injection,Intravenous,"August 07, 2024"
denosumab-adet,2026_april.csv,"Teva Pharmaceuticals, Inc.",761385,Ponlimsi,60MG/ML,Injection,Subcutaneous,"March 27, 2026"
denosumab-bbdz,2024_march.csv,Sandoz Inc.,761362,Jubbonti | Wyost,120MG/1.7ML (70MG/ML) | 60MG/ML,Injection,Subcutaneous,"March 05, 2024"
denosumab-bmwo,2025_march.csv,"CELLTRION, Inc.",761404,Osenvelt | Stoboclo,120MG/1.7ML (70MG/ML) | 60MG/ML,Injection,Subcutaneous,28-Feb-25
denosumab-bnht,2025_june.csv,"Fresenius Kabi USA, LLC",761398,Bomyntra | Conexxence,120MG/1.7ML (70MG/ML) | 60MG/ML,Injection,Subcutaneous,"March 25, 2025"
denosumab-desu,2025_november.csv,Accord BioPharma Inc.,761424,Jubereq | Osvyrti,120MG/1.7ML (70MG/ML) | 60MG/ML,Injection,Subcutaneous,29-Oct-25
denosumab-dssb,2025_march.csv,"Samsung Bioepis Co., Ltd.",761392,Ospomyv | Xbryk,120MG/1.7ML (70MG/ML) | 60MG/ML,Injection,Subcutaneous,13-Feb-25
denosumab-kyqq,2025_september.csv,Biocon Biologics Inc.,761436,Aukelso | Bosaya,120MG/1.7ML (70MG/ML) | 60MG/ML,Injection,Subcutaneous,"September 16, 2025"
denosumab-mobz,2025_december.csv,Amneal Pharmaceuticals LLC,761456 | 761457,Boncresa | Oziltus,120MG/1.7ML (70MG/ML) | 60MG/ML,Injection,Subcutaneous,19-Dec-25
denosumab-nxxp,2025_september.csv,"Shanghai Henlius Biotech, Inc.",761444,Bildyos | Bilprevda,120MG/1.7ML (70MG/ML) | 60MG/ML,Injection,Subcutaneous,"August 29, 2025"
denosumab-qbde,2025_october.csv,Hikma Pharmaceuticals USA Inc.,761439,Enoby | Xtrenbo,120MG/1.7ML (70MG/ML) | 60MG/ML,Injection,Subcutaneous,26-Sep-25
depemokimab-ulaa,2025_december.csv,GlaxoSmithKline LLC,761458,Exdensur,100MG/ML,Injection,Subcutaneous,16-Dec-25
Diphtheria & Tetanus Toxoids & Acellular Pertussis Vaccine Adsorbed,2022_may.csv,Sanofi Pasteur Inc.,103922,Tripedia,"6.7LF, 5LF, 46.8UG/.5ML",Injection,Intramuscular,12/09/1999
Diphtheria & Tetanus Toxoids Adsorbed,2022_may.csv,Sanofi Pasteur Inc.,103919,,6.6; 5 UNITS,Injection,Intramuscular,12/09/1999
donanemab-azbt,2024_july.csv,Eli Lilly and Company,761248,Kisunla,350MG/20ML (17.5MG/ML),Injection,Intravenous,"July 02, 2024"
donislecel-jujn,2023_july.csv,CellTrans Inc.,125734,Lantidra,1X10E6EQUIVALENT ISLET NUMBER (EIN),Suspension,Intravenous,6/28/2023
dostarlimab-gxly,2021_april.csv,GlaxoSmithKline LLC,761174,Jemperli,500MG/10ML (50MG/ML),Injection,Intravenous,4/22/2021
dulaglutide,2020_september.csv,Eli Lilly and Company,125469,Trulicity,3MG/0.5ML | 4.5MG/0.5ML,Injection,Subcutaneous,9/4/2020
dupilumab,2020_june.csv | 2021_june.csv | 2021_october.csv,"Regeneron Pharmaceuticals, Inc.",761055,Dupixent,100MG/0.67ML | 200MG/1.14ML | 300MG/2ML,Injection,Subcutaneous,06/14/2021 | 10/20/2021 | 6/18/2020
eculizumab-aagh,2024_july.csv,"Samsung Bioepis Co., Ltd.",761340,Epysqli,300MG/30ML (10MG/ML),Injection,Intravenous,"July 19, 2024"
eculizumab-aeeb,2024_june.csv,Amgen Inc.,761333,Bkemv,300MG/30ML (10MG/ML),Injection,Intravenous,"May 28, 2024"
efbemalenograstim alfa-vuxw,2023_november.csv,Evive Biotechnology Singapore PTE. LTD.,761134,Ryzneuta,20MG/ML,Injection,Subcutaneous,11/16/2023
efgartigimod alfa and hyaluronidase-qvfc,2023_june.csv | 2025_may.csv,Argenx BV,761304,Vyvgart Hytrulo,"1,000MG/5ML;10,000UNITS/5ML (200MG/2,000UNITS/ML) | 1,008MG/5.6ML; 11,200UNITS/5.6ML (180MG/2,000UNITS/ML)",Injection,Subcutaneous,"6/20/2023 | April 10, 2025"
efgartigimod alfa-fcab,2021_december.csv,Argenx BV,761195,Vyvgart,400MG/20ML (20MG/ML),Injection,Intravenous,12/17/2021
eflapegrastim-xnst,2022_september.csv,"Spectrum Pharmaceuticals, Inc.",761148,Rolvedon,13.2MG/0.6ML,Injection,Subcutaneous,09/09/2022
eladocagene exuparvovec-tneq,2024_november.csv,PTC Therapeutics,125722,KEBILIDI,5.6x10^11VG/ML,Suspension,Intraputaminal,13-Nov-24
elivaldogene autotemcel,2022_september.csv,Bluebird Bio Inc.,125755,Skysona,2-30 × 10^6 CELL/ML,Injection,Intravenous,09/16/2022
elranatamab-bcmm,2023_august.csv | 2023_september.csv,Pfizer Inc.,761345,Elrexfio,44MG/1.1ML (40MG/ML) | 76MG/1.9ML (40MG/ML),Injection,Subcutaneous,8/14/2023
emapalumab-lzsg,2020_august.csv | 2025_july.csv,Swedish Orphan Biovitrum AB (publ),761107,Gamifant,100MG/20ML (5MG/ML) | 100MG/4ML (25MG/ML) | 250MG/10ML (25MG/ML) | 50MG/2ML (25MG/ML),Injection,Intravenous,"6/26/2020 | June 07, 2023"
emicizumab-kxwh,2024_march.csv,"Genentech, Inc.",761083,Hemlibra,12MG/0.4ML | 300MG/2ML (150MG/ML),Injection,Subcutaneous,"January 31, 2024 | March 16, 2023"
epcoritamab-bysp,2023_may.csv,"Genmab US, Inc.",761324,Epkinly,48MG/0.8ML | 4MG/0.8ML,Injection,Subcutaneous,5/19/2023
epoetin alfa-epbx,2020_july.csv,"Hospira, Inc.",125545,Retacrit,"20,000UNITS/2ML (10,000UNITS/ML) | 20,000UNITS/ML",Injection,"Intravenous, Subcutaneous",6/30/2020
eptinezumab-jjmr,2021_august.csv,"Lundbeck Seattle BioPharmaceuticals, Inc.",761119,Vyepti,100MG/ML,Injection,Intravenous,02/21/2020
etanercept-szzs,2022_november.csv,Sandoz Inc.,761042,Erelzi,25MG,For Injection,Subcutaneous,11/10/22
etanercept-ykro,2024_may.csv,"Samsung Bioepis Co., Ltd.",761066,Eticovo,50MG/ML,Injection,Subcutaneous,3-May-24
etranacogene dezaparvovec,2022_november.csv,CSL Behring LLC,125772,Hemgenix,1X10E13GENOME COPIES/ML,Injection,Intravenous,11/22/22
etuvetidigene autotemcel,2025_december.csv,Fondazione Telethon Ets,125846,waskyra,1.9-11.4x10^6CD34+ CELLS/ML,Solution,Intravenous,9-Dec-25
evinacumab-dgnb,2021_february.csv,"Regeneron Pharmaceuticals, Inc.",761181,Evkeeza,"1,200MG/8ML (150MG/ML) | 345MG/2.3ML (150MG/ML)",Injection,Intravenous,2/11/2021
Exagamglogene autotemcel,2023_december.csv,Vertex Pharmaceuticals Inc,125787,Casgevy,4-13 × 10^6 CELL/ML,Suspension,Intravenous,12/8/2023
Factor IX Complex,2022_may.csv,Baxalta US Inc.,103112,Proplex-T; Bebulin,200-1200U/20ML,For Injection,Intravenous,08/21/1970
faricimab-svoa,2022_january.csv | 2024_july.csv,"Genentech, Inc.",761235,Vabysmo,120MG/ML | 6MG/0.05ML (120MG/ML),Injection,Intravitreal,"01/28/2022 | July 09, 2024"
Fecal Microbiota Spores,2023_may.csv,"Seres Therapeutics, Inc.",125757,Vowst,1X10 LOG 6 AND 3X10 LOG 7CFU/TAB,Capsule,Oral,4/26/2023
"Fecal Microbiota Transplantation, Frozen Preparation",2022_december.csv,Ferring Pharmaceuticals Inc.,125739,Rebyota,BETWEEN 1X10^8 AND 5X10^10CFU,Suspension,Rectal,11/30/2022
Fibrin Sealant (Human),2022_may.csv,Mallinckrodt Pharma IP Trading DAC,125523,Raplixa,0.5G | 1G | 2G,Powder,Topical,04/30/2015
"fibrinogen, human–chmt",2025_december.csv,"Grifols Therapeutics, LLC",125833,FESILTY,1G/50ML,For Injection,Intravenous,16-Dec-25
filgrastim-ayow,2022_february.csv,"Kashiv BioSciences, LLC",761082,Releuko,300MCG/0.5ML | 300MCG/ML | 480MCG/0.8ML | 480MCG/1.6ML,Injection,"Intravenous, Subcutaneous",02/25/2022
filgrastim-sndz,2024_october.csv,Sandoz Inc.,125553,Zarxio,300MCG/0.5ML | 480MCG/0.8ML,Injection,"Intravenous, Subcutaneous","August 09, 2024"
filgrastim-txid,2024_july.csv,"Tanvex BioPharma USA, Inc.",761126,Nypozi,300MCG/0.5ML | 480MCG/0.8ML,Injection,"Intravenous, Subcutaneous","June 28, 2024"
garadacimab-gxii,2025_june.csv,CSL Behring LLC,761367,Andembry,200MG/1.2ML (167MG/ML),Injection,Subcutaneous,"June 16, 2025"
glofitamab-gxbm,2023_june.csv,"Genentech, Inc.",761309,Columvi,10MG/10ML (1MG/ML) | 2.5MG/2.5ML (1MG/ML),Injection,Intravenous,6/15/2023
guselkumab,2024_september.csv | 2025_november.csv,"Janssen Biotech, Inc.",761061,Tremfya,100MG/ML | 200MG/20ML (10MG/ML) | 200MG/2ML (100MG/ML),Injection,Intravenous | Subcutaneous,"25-Mar-25 | September 11, 2024"
Haemophilus b Conjugate (Meningococcal Protein Conjugate) and Hepatitis B (Recombinant) Vaccine,2022_may.csv,Merck Sharp & Dohme Corp.,103623,COMVAX,7.5UG PRP/125UG OMPC/5UG HBsAg,Injection,Intramuscular,10/02/1996
Hepatitis B Immune Globulin Intravenous (Human),2023_july.csv,Kamada Ltd.,125237,Hepagam B,>1560IU/5ML,Injection,Intravenous,4/6/2007
Hepatitis B Vaccine (Recombinant),2021_november.csv,"VBI Vaccines (Delaware), Inc.",125737,Prehevbrio,10UG/ML,For Injection,Intramuscular,11/30/2021
"HPC, Cord Blood",2024_december.csv,"StemCyte, Inc.",125764,regenecyte,TOTAL NUCLEATED CELLS/KGCELL/ML,Injection,Intravenous,21-Nov-24
idecabtagene vicleucel,2021_march.csv | 2024_may.csv,"Celgene Corporation, a Bristol-Myers Squibb Company",125736,Abecma,150 TO 540 X 10^6 CHIMERIC ANTIGEN RECEPTOR (CAR)-POSITIVE T CELLS IN ONE OR MORE INFUSION | 300 to 510 X 10^6 CHIMERIC ANTIGEN RECEPTOR (CAR)-POSITIVE T CELLS,Injection | Suspension,Intravenous,03/03/2021 | 3/3/2021 | 4-Apr-24
Immune Globulin Intravenous (Human),2022_january.csv | 2022_may.csv,"CSL Behring LLC | Grifols Therapeutics LLC | Instituto Grifols, S.A.",101147 | 103956 | 125077,"Flebogamma, Flebogamma 5%, Flebogamma 5% Dif | Gamimune | gammar i.v.,gammar-p i.v.",10G | 10PCT | 1G | 2.5G | 5% 20G | 5G | 5PCT,For Injection | Injection,Intravenous,03/17/2000 | 09/11/1981 | 12/21/2006
"immune globulin intravenous, human-dira",2024_june.csv,YIMMUGO,125810,YIMMUGO,10G/100ML | 20G/200ML | 5G/50ML,For Injection,Intravenous,"June 13, 2024"
"Immune Globulin Intravenous, Human-kthm, 10% Solution",2025_october.csv,"Kedrion, S.p.A.",125822,QIVIGY,10G/100ML | 5G/50ML,Solution,Intravenous,26-Sep-25
"immune globulin intravenous, human-stwk",2023_december.csv,GC Biopharma Corp.,125743,Alyglo,10% 100MG/ML,Injection,Intravenous,12/15/2023
Immune Globulin Subcutaneous (Human),2022_may.csv,CSL Behring GmbH,125115,Vivaglobin,160MG/ML,For Injection,Subcutaneous,01/09/2006
"Immune Globulin Subcutaneous (Human), 20% Liquid",2024_july.csv,CSL Behring AG,125350,Hizentra,10G/50ML,Injection,Subcutaneous,"April 13, 2023"
"Immune Globulin Subcutaneous (Human), 20% Solution",2023_january.csv,Baxalta US Inc.,125596,Cuvitru,10G/50ML,Injection,Subcutaneous,2/7/2019
inebilizumab-cdon,2020_june.csv,Viela Bio,761142,Uplizna,100mg/10ML (10mg/ML),Injection,Intravenous,6/11/2020
infliximab-dyyb,2023_october.csv,"CELLTRION, Inc.",761358,Zymfentra,120MG/ML,Injection,Subcutaneous,10/20/2023
"Influenza A (H5N1) Monovalent Vaccine, Adjuvanted",2020_august.csv,Seqirus Inc.,125692,Audenz,7.5HA UG/.5ML,Injection,Intramuscular,1/31/2020
Influenza Vaccine,2021_march.csv | 2022_january.csv | 2024_august.csv,Protein Sciences Corporation | Seqirus Inc. | Seqirus Pty Ltd.,125254 | 125285 | 125408,"Afluria, Afluria Quadrivalent | Flublok | Flucelvax, Flucelvax Quadrivalent",135UG/.5ML | 30UG/.25ML | 45UG/.5ML | 60UG/.5ML,Injection,Intramuscular,"03/03/2021 | 03/26/2021 | 10/04/2018 | 3/26/2021 | 3/3/2021 | March 04, 2024"
"Influenza Vaccine, Adjuvanted",2020_august.csv,Seqirus Inc.,125510,"Fluad,Fluad Quadrivalent",15UG/.5ML | 45UG/.5ML,Injection,Intramuscular,2/21/2020
Influenza Virus Vaccine,2021_july.csv,Sanofi Pasteur Inc.,103914,"Fluzone, Fluzone Hd Quadrivalent, Fluzone High Dose, Fluzone Intradermal, Fluzone Quadrivalent",240UG/ML,Injection,Intramuscular,11/04/2019
insulin aspart,2023_june.csv,Novo Nordisk Inc.,208751,Fiasp,160UNITS/1.6ML (100UNITS/ML),Injection,Subcutaneous,6/21/2023
insulin aspart-szjj,2025_march.csv,Sanofi-Aventis U.S. LLC,761325,Merilog,"1,000UNITS/10ML (100UNITS/ML) | 300UNITS/3ML (100UNITS/ML)",Injection,Subcutaneous,14-Feb-25
insulin aspart-xjhz,2025_july.csv,Biocon Biologics Inc.,761188,Kirsty,"1,000UNITS/10ML (100UNITS/ML) | 300UNITS/3ML (100UNITS/ML)",Injection,"Intravenous, Subcutaneous | Subcutaneous","July 15, 2025"
insulin glargine,2020_june.csv,Mylan Pharmaceuticals Inc.,210605,Semglee,"1,000 UNITS/10ML (100 UNITS/ML) | 300units/3ML (100 units/ML)",Injection,Subcutaneous,6/11/2020
insulin glargine-aglr,2021_december.csv,Eli Lilly and Company,761215,Rezvoglar,300UNITS/3ML (100UNITS/ML),Injection,Subcutaneous,12/17/2021
insulin glargine-yfgn,2021_july.csv,Mylan Pharmaceuticals Inc.,761201,Semglee,"1,000UNITS/10ML (100UNITS/ML) | 300UNITS/3ML (100UNITS/ML)",Injection,Subcutaneous,07/28/2021
insulin icodec-abae,2026_april.csv,Novo Nordisk Inc.,761326,Awiqli,"1,050UNITS/1.5ML (700UNITS/ML) | 2,100UNITS/3ML (700UNITS/ML) | 700UNITS/ML",Injection,Subcutaneous,"March 26, 2026"
insulin lispro,2025_may.csv,Eli Lilly and Company,205747,Humalog,600UNITS/3ML (200UNITS/ML),Injection,Subcutaneous,"May 07, 2025"
insulin lispro-aabc,2020_june.csv,Eli Lilly and Company,761109,Lyumjev,"1,000 UNITS/10ML (100UNITS/ML) | 300 UNITS/3ML (100UNITS/ML) | 600 UNITS/3ML (200UNITS/ML)",Injection,"Intravenous, Subcutaneous",6/15/2020
ixekizumab,2024_august.csv,Eli Lilly and Company,125521,Taltz,20MG/0.25ML | 40MG/0.5ML,Injection,Subcutaneous,"August 20, 2024"
lanadelumab-flyo,2023_february.csv,"Takeda Pharmaceuticals U.S.A., Inc.",761090,Takhzyro,150MG/1ML (150MG/ML) | 300MG/2ML (150MG/ML),Injection,Subcutaneous,2/3/2023 | 2/8/2022
lebrikizumab-lbkz,2024_september.csv,Eli Lilly and Company,761306,Ebglyss,250MG/2ML,Injection,Subcutaneous,"September 13, 2024"
lecanemab-irmb,2023_january.csv | 2025_september.csv,"Eisai, Incorporated",761269 | 761375,Leqembi | Leqembi IQLIK,200MG/2ML (100MG/ML) | 360MG/1.8ML (200MG/ML) | 500MG/5ML (100MG/ML),Injection,Intravenous | Subcutaneous,"1/6/2023 | August 29, 2025"
lerodalcibep-liga,2025_december.csv,"LIB Therapeutics, Inc.",761427,Lerochol,300MG/1.2ML (250MG/ML),Injection,Subcutaneous,12-Dec-25
letibotulinumtoxinA-wlbg,2025_february.csv | 2025_january.csv,"Hugel, Inc.",761225,Letybo,100UNITS | 50UNITS,For Injection,Intramuscular,"29-Feb-24 | February 29, 2024"
Lifileucel,2024_february.csv,"Iovance Biotherapeutics, Inc.",125773,AMTAGVI,7.5x10^9 to 72x10^9Cells,Suspension,Intravenous,"February 16, 2024"
linvoseltamab-gcpt,2025_july.csv,"Regeneron Pharmaceuticals, Inc.",761400,Lynozyfic,200MG/10ML (20MG/ML) | 5MG/2.5ML (2MG/ML),Injection,Intravenous,"July 02, 2025"
lonapegsomatropin-tcgd,2021_august.csv | 2025_august.csv,Ascendis Pharma Endocrinology Division A/S,761177,Skytrofa,0.7MG | 1.4MG | 1.8MG | 11MG | 13.3MG | 2.1MG | 2.5MG | 3.6MG | 3MG | 4.3MG | 5.2MG | 6.3MG | 7.6MG | 9.1MG,For Injection,Subcutaneous,"08/25/2021 | July 25, 2025"
loncastuximab tesirine-lpyl,2021_april.csv,ADC Therapeutics SA,761196,Zynlonta,10MG,For Injection,Intravenous,4/23/2021
lovotibeglogene autotemcel,2023_december.csv,bluebird bio Inc.,125788,LYFGENIA,1.7-20x10^6CELL/ML,Suspension,Intravenous,12/8/2023
lunsotogene parvec-cwha,2026_april.csv,"Regeneron Pharmaceuticals, Inc.",125874,OTARMENI,3x10^13VG/ML,Suspension,Intracochlear,"April 23, 2026"
margetuximab-cmkb,2020_december.csv,MacroGenics Inc.,761150,Margenza,250MG/10ML (25MG/ML),Injection,Intravenous,12/16/2020
marnetegragene autotemcel,2026_april.csv,Rocket Pharmaceuticals Inc,125806,kresladi,0.34 to 6.1  10^6 cells/mL (including 0.32 to 6.1  10^6 CD34+ cells/mL),Suspension,Intravenous,"March 26, 2026"
marstacimab-hncq,2024_october.csv,Pfizer Inc.,761369,Hympavzi,150MG/ML,Injection,Subcutaneous,"October 11, 2024"
Measles Virus Vaccine Live,2022_may.csv,Merck Sharp & Dohme Corp.,101068,ATTENUVAX,NLT1000U/.5ML,For Injection,Subcutaneous,03/21/1963
"Measles, Mumps and Rubella Virus Vaccine Live",2022_june.csv | 2023_march.csv,GlaxoSmithKline Biologicals | Merck Sharp & Dohme LLC,101069 | 125748,M-M-R Ii | PRIORIX,"0.5ML | 3.4, 4.2 and 3.3LOG10",For Injection,Intramuscular | Subcutaneous,06/03/2022 | 2/27/2023
"Measles, Mumps, Rubella and Varicella Virus Vaccine Live",2023_march.csv,Merck Sharp & Dohme LLC,125108,Proquad,0.5ML,For Injection,Intramuscular,2/27/2023
"Meningococcal (Groups A, C, Y, and W-135) Oligosaccharide Diphtheria CRM197 Conjugate Vaccine",2022_october.csv,GlaxoSmithKline Biologicals,125300,Menveo,0.5ML,Injection,Intramuscular,10/14/22
"Meningococcal (Groups A, C, Y, W) Conjugate Vaccine",2020_august.csv,Sanofi Pasteur Inc.,125701,Menquadfi,0.5ML,Injection,Intramuscular,4/23/2020
"Meningococcal Groups A, B, C, W and Y Vaccine",2023_october.csv | 2025_february.csv,GlaxoSmithKline Biologicals | Pfizer Ireland Pharmaceuticals,125770 | 125819,PENBRAYA | PENMENVY,25UG/0.5ML | 5UG,Injection,Intramuscular,"10/20/2023 | February 14, 2025"
Meningococcal Groups C and Y and Haemophilus b Tetanus Toxoid Conjugate Vaccine,2022_may.csv,GlaxoSmithKline Biologicals,125363,MENHIBRIX,0.5ML,Injection,Intramuscular,06/14/2012
mepolizumab,2022_january.csv,GlaxoSmithKline LLC,125526 | 761122,Nucala,40MG/0.4ML,Injection,Subcutaneous,01/22/2022
mirikizumab-mrkz,2023_november.csv | 2025_february.csv | 2025_january.csv,Eli Lilly and Company,761279,Omvoh,100MG/ML | 200MG/2ML (100MG/ML) | 300MG/15ML (20MG/ML),Injection,Intravenous | Subcutaneous,"10/26/2023 | 15-Jan-25 | January 15, 2025"
mirvetuximab soravtansine-gynx,2022_november.csv,"ImmunoGen, Inc.",761310,Elahere,100MG/20ML (5MG/ML),Injection,Intravenous,11/14/22
mosunetuzumab-axgb,2022_december.csv | 2025_december.csv,"Genentech, Inc.",761263,Lunsumio | Lunsumio Velo,1MG/ML | 30MG/30ML (1MG/ML) | 45MG/ML | 5MG/0.5ML,Injection,Intravenous | Subcutaneous,12/22/2022 | 19-Dec-25
Mumps Virus Vaccine Live,2022_may.csv,Merck Sharp & Dohme Corp.,101072,MumpsVax,0.5ML,For Injection,Subcutaneous,12/28/1967
nadofaragene firadenovec-vncg,2022_december.csv,Ferring Pharmaceuticals A/S,125700,Adstiladrin,3x10^11 viral particles (vp)/mL,For Suspension,Intravesical,12/16/2022
narsoplimab-wuug,2025_december.csv,Omeros Corporation,761152,Yartemlea,370MG/2ML,Injection,Intravenous,23-Dec-25
natalizumab-sztn,2023_november.csv,Sandoz Inc.,761322,Tyruko,300MG/15ML (20MG/ML),Injection,Intravenous,8/24/2023
naxitamab-gqgk,2020_november.csv,"Y-mABs Therapeutics, Inc",761171,Danyelza,40MG/10ML (4MG/ML),Injection,Intravenous,11/25/2020
nemolizumab-ilto,2024_august.csv,"Galderma Laboratories, L.P.",761390,Nemluvio,30MG,For Injection,Subcutaneous,"August 12, 2024"
nipocalimab-aahu,2025_may.csv,"Janssen Biotech, Inc.",761430,Imaavy,"1,200MG/6.5ML (185MG/ML) | 300MG/1.62ML (185MG/ML)",Injection,Intravenous,"April 29, 2025"
nirsevimab-alip,2023_july.csv | 2024_march.csv,AstraZeneca AB,761328,Beyfortus,100MG/ML | 50MG/0.5ML,Injection,Intramuscular,"7/17/2023 | July 17, 2023"
nivolumab and hyaluronidase-nvhy,2024_december.csv | 2025_november.csv,Bristol-Myers Squibb Company,761381,Opdivo Qvantig,"300MG/2.5ML;5,000UNITS/2.5ML (120MG/2,000UNITS/ML) | 600MG/5ML;10,000 UNITS/5ML (120MG/2,000UNITS/ML)",Injection,Subcutaneous,24-Nov-25 | 27-Dec-24
nivolumab and relatlimab-rmbw,2022_march.csv,Bristol-Myers Squibb Company,761234,Opdualag,"240MG, 80MG/20ML (12MG, 4MG/ML)",Injection,Intravenous,03/18/2022 | 3/18/22
nogapendekin alfa inbakicept-pmln,2024_april.csv,"Altor BioScience, LLC, an indirect wholly-owned subsidiary of ImmunityBio, Inc.",761336,Anktiva,400MCG/0.4ML,Solution,Intravesical,"April 22, 2024"
Obecabtagene autoleucel,2024_november.csv,"Autolus, Inc.",125813,Aucatzyl,10 × 10^6CELL/ML | 100 × 10^6CELL/ML | 300 × 10^6CELL/ML,Suspension,Intravenous,8-Nov-24
ocrelizumab and hyaluronidase-ocsq,2024_september.csv,"Genentech, Inc.",761371,Ocrevus Zunovo,"920MG/23ML; 23,000UNITS/23ML (40MG/1,000UNITS/ML)",Injection,Subcutaneous,"September 13, 2024"
ofatumumab,2020_august.csv,Novartis Pharmaceuticals Corporation,125326,Kesimpta,20MG/0.4ML,Injection,Subcutaneous,8/20/2020
olipudase alfa-rpcp,2022_september.csv | 2023_june.csv,Genzyme Corporation,761261,Xenpozyme,20MG | 4MG,For Injection,Intravenous,08/31/2022 | 3/31/2023
omalizumab,2024_february.csv,"Genentech, Inc.",103976,Xolair,150MG/ML | 300MG/2ML | 75MG/0.5ML,Injection,Subcutaneous,"August 17, 2023"
omalizumab-igec,2025_december.csv | 2025_march.csv,"CELLTRION, Inc.",761399,Omlyclo,150MG/ML | 300MG/2ML (150MG/ML) | 75MG/0.5ML,Injection,Subcutaneous,1-Dec-25 | 7-Mar-25
omidubicel-onlv,2023_april.csv,Gamida Cell Ltd.,125738,OMISIRGE,">4.0x10^8 total viable cells, >2.4 × 10^7 CD3+ cells with 41mL dil sol | >8.0x10^8 total viable cells, >8.7% CD34+ cells, >9.2 × 10^7 CD34+ cells with 81mL dil so",For Injection,Intravenous,4/17/2023
onasemnogene abeparvovec-brve,2025_december.csv,"Novartis Gene Therapies, Inc.",125856,ITVISMA,4x10^13VG/ML,Injection,Intrathecal,24-Nov-25
pancrelipase,2023_november.csv,"Zenpep, LLC",22210,Zenpep,"60,000USP UNITS; 189,600USP UNITS; 252,600USP UNITS","Capsule, Delayed Release",Oral,10/27/2023
PAPZIMEOS,2025_august.csv,"Precigen, Inc.",125832,PAPZIMEOS,5x10^11PARTICLE UNITS,For Injection,Subcutaneous,"August 14, 2025"
Peanut (Arachis hypogaea) Allergen Powder,2020_august.csv | 2021_may.csv,"Aimmune Therapeutics, Inc.",125696,Palforzia,0.5MG | 100MG | 10MG | 1MG | 20MG | 300MG,Powder,Oral,01/31/2020 | 1/31/2020
pegfilgrastim-apgf,2020_june.csv,Hospira Inc.,761111,Nyvepria,6MG/0.6ML,Injection,Subcutaneous,6/10/2020
pegfilgrastim-cbqv,2023_march.csv | 2024_january.csv,"Coherus BioSciences, Inc.",761039,Udenyca | Udenyca Onbody,6MG/0.6ML,Injection,Subcutaneous,"3/3/2023 | December 22, 2023"
pegfilgrastim-fpgk,2022_september.csv,"Fresenius Kabi USA, LLC",761173,Stimufend,6MG/0.6ML,Injection,Subcutaneous,09/01/2022
pegfilgrastim-pbbk,2022_may.csv,"Kashiv BioSciences, LLC",761084,Fylnetra,6MG/0.6ML,Injection,Subcutaneous,05/26/2022
pegfilgrastim-unne,2025_november.csv,Lupin Limited (Biotech Division),761212,Armlupeg,6MG/0.6ML,Injection,Subcutaneous,28-Nov-25
pegloticase,2025_september.csv,Horizon Therapeutics Ireland DAC,125293,Krystexxa,8MG/50ML (0.16MG/ML),Injection,Intravenous,"August 29, 2025"
pegunigalsidase alfa-iwxj,2023_may.csv | 2024_july.csv,Chiesi Farmaceutici S.p.A.,761161,Elfabrio,20MG/10ML (2MG/ML) | 5MG/2.5ML,Injection,Intravenous,"5/9/2023 | May 17, 2024"
pegzilarginase-nbln,2026_february.csv | 2026_march.csv,Immedica Pharma AB,761211,Loargys,2MG/0.4ML | 5MG/ML,Injection,"Intravenous, Subcutaneous",23-Feb-26
pembrolizumab and berahyaluronidase alfa-pmph,2025_september.csv,Merck Sharp & Dohme LLC,761467,Keytruda Qlex,"395MG/2.4ML; 4,800UNITS/2.4ML (165MG/2,000UNITS/ML) | 790MG/4.8ML; 9,600UNITS/4.8ML (165MG/2,000UNITS/ML)",Injection,Subcutaneous,"September 19, 2025"
penpulimab-kcqx,2025_may.csv,"Akeso Biopharma Co., Ltd.",761258,,100MG/10ML (10MG/ML),Injection,Intravenous,"April 23, 2025"
"pertuzumab, trastuzumab, and hyaluronidase-zzxf",2020_july.csv,"Genentech, Inc.",761170,Phesgo,"1,200mg, 600mg, 30,000units/15ML (80mg, 40mg, 2,000units/ML) | 600mg, 600mg, 20,000units/10ML (60mg, 60mg, 2,000units/ML)",Injection,Subcutaneous,6/29/2020
pertuzumab-dpzb,2025_november.csv,"Shanghai Henlius Biotech, Inc.",761450,Poherdy,420MG/14ML (30MG/ML),Injection,Intravenous,13-Nov-25
Plasma Protein Fraction (Human),2022_august.csv,Grifols Therapeutics LLC,101140,Plasmanate,12.5G/250ML,Injection,Intravenous,10/02/1958
Pneumococcal 15-valent Conjugate Vaccine,2021_july.csv,Merck Sharp & Dohme Corp.,125741,Vaxneuvance,0.5ML,Injection,Intramuscular,07/16/2021
Pneumococcal 21-valent Conjugate Vaccine,2024_june.csv,Merck Sharp & Dohme LLC,125814,CAPVAXIVE,84UG/.5ML,Injection,Intramuscular,"June 17, 2024"
Pneumococcal 7-valent Conjugate Vaccine (Diphtheria CRM197 Protein),2022_may.csv,Wyeth Pharmaceuticals LLC,103905,prevnar,0.5ML/VIAL,Injection,Intramuscular,02/17/2000
polatuzumab vedotin-piiq,2020_september.csv,"Genentech, Inc.",761121,Polivy,30MG,For Injection,Intravenous,9/18/2020
"Pollens - Grasses, Bermuda Grass Cynodon dactylon",2021_may.csv,"ALK-Abello, Inc. | Jubilant HollisterStier LLC",103051 | 103872,,"1,000BAU/ML | 10,000BAU/ML",Injection,Intradermal | Percutaneous | Subcutaneous,03/13/1924 | 09/29/1958
"Pollens - Grasses, Bluegrass, Kentucky (June) Poa pratensis",2021_may.csv,Jubilant HollisterStier LLC,103873,,"10,000BAU/ML | 100,000BAU/ML",Injection,Subcutaneous,03/13/1924
"Pollens - Grasses, Fescue, Meadow Festuca elatior",2021_may.csv,Jubilant HollisterStier LLC,103874,,"10,000BAU/ML | 100,000BAU/ML",Injection,Subcutaneous,03/13/1924
"Pollens - Grasses, Orchard Grass Dactylis glomerata",2021_may.csv,Jubilant HollisterStier LLC,103875,,"10,000BAU/ML | 100,000BAU/ML",Injection,Subcutaneous,03/13/1924
"Pollens - Grasses, Redtop Agrostis alba",2021_may.csv,Jubilant HollisterStier LLC,103876,,"10,000BAU/ML | 100,000BAU/ML",Injection,Subcutaneous,03/13/1924
"Pollens - Grasses, Ryegrass, Perennial Lolium perenne",2021_may.csv,Jubilant HollisterStier LLC,103877,,"10,000BAU/ML | 100,000BAU/ML",Injection,Subcutaneous,03/13/1924
"Pollens - Grasses, Sweet Vernal Grass Anthoxanthum odoratum",2021_may.csv,Jubilant HollisterStier LLC,103878,,"10,000BAU/ML | 100,000BAU/ML",Injection,Subcutaneous,03/13/1924
"Pollens - Grasses, Timothy Phleum pratense",2021_may.csv,Jubilant HollisterStier LLC,103879,,"10,000BAU/ML | 100,000BAU/ML",Injection,Subcutaneous,03/13/1924
"Pollens - Weeds and Garden Plants, Ragweed, Short Ambrosia artemisiifolia",2021_may.csv,Jubilant HollisterStier LLC,103880,,1:20W/V,Injection,Subcutaneous,03/13/1924
pozelimab-bbfg,2023_august.csv | 2023_september.csv,"Regeneron Pharmaceuticals, Inc.",761339,Veopoz,400MG/2ML (200MG/ML),Injection,"Intravenous, Subcutaneous",8/18/2023
Prademagene zamikeracel,2025_may.csv,Abeona Therapeutics Inc.,125807,zevaskyn,41.25CM^2,Cellular Sheet,Topical,"April 28, 2025"
"Prothrombin complex concentrate, human-lans",2023_august.csv | 2024_october.csv,Octapharma Pharmazeutika Produktionsges.m.b.H.,125776,Balfaxar,1000IU | 500IU,For Injection,Intravenous,"7/21/2023 | July 21, 2023"
ranibizumab,2021_october.csv,"Genentech, Inc.",761197,Susvimo,100MG/ML,Injection,Intravitreal,10/22/2021
ranibizumab-eqrn,2022_july.csv,"Coherus BioSciences, Inc.",761165,Cimerli,10MG/ML (0.5MG/0.05ML) | 6MG/ML (0.3MG/0.05ML),Injection,Intravitreal,08/02/2022
ranibizumab-leyk,2025_december.csv,Formycon AG,761473,Nufymco,10MG/ML (0.5MG/0.05ML) | 6MG/ML (0.3MG/0.05ML),Injection,Intravitreal,18-Dec-25
ranibizumab-nuna,2021_september.csv,"Samsung Bioepis Co., Ltd.",761202,Byooviz,10MG/ML,Injection,Intravitreal,09/17/2021
ravulizumab-cwvz,2020_october.csv | 2022_july.csv,"Alexion Pharmaceuticals, Inc.",761108,Ultomiris,1100MG/11ML (100MG/ML) | 245MG/3.5ML (70MG/ML) | 300MG/3ML (100MG/ML),Injection,Intravenous | Subcutaneous,06/22/2022 | 10/9/2020
remestemcel-L-rknd,2024_december.csv,"Mesoblast, Inc.",125706,ryoncil,6.68X10^CELL/ML,Suspension,Intravenous,18-Dec-24
Respiratory Syncytial Virus Vaccine,2023_june.csv,Pfizer Inc.,125769,Abrysvo,120UG,Injection,Intramuscular,5/31/2023
"Respiratory Syncytial Virus Vaccine, Adjuvanted",2023_may.csv,GlaxoSmithKline Biologicals,125775,Arexvy,120UG/.5ML,For Injection,Intramuscular,5/3/2023
"Respiratory Syncytial Virus Vaccine, mRNA (mRNA-1345)",2024_june.csv,"ModernaTX, Inc.",125796,mresvia,50UG/.5ML,For Injection,Intramuscular,"May 31, 2024"
retifanlimab-dlwr,2023_march.csv,Incyte Corporation,761334,Zynyz,500MG/20ML (25MG/ML),Injection,Intravenous,3/22/2023
revakinagene taroretcel-lwey,2025_march.csv,Neurotech Pharmaceuticals Inc.,125798,encelto,"200,000-440,000CELLS/IMPLANT",Implant,Implantation,5-Mar-25
risankizumab-rzaa,2021_april.csv | 2022_june.csv | 2022_september.csv | 2023_april.csv | 2025_september.csv,AbbVie Inc.,761105,Skyrizi,150MG/ML | 180MG/1.2ML (150MG/ML) | 360MG/2.4ML (150MG/ML) | 600MG/10ML (60MG/ML) | 90MG/ML,Injection,Intravenous | Subcutaneous,"06/16/2022 | 09/23/2022 | 3/22/2023 | 4/26/2021 | September 03, 2025"
rituximab-arrx,2020_december.csv,"Amgen, Inc.",761140,Riabni,100MG/10ML (10MG/ML) | 500MG/50ML (10MG/ML),Injection,Intravenous,12/17/2020
ropeginterferon alfa-2b-njft,2021_november.csv,PharmaEssentia Corporation,761166,Besremi,500MCG/ML,Injection,Subcutaneous,11/12/2021
"Rotavirus Vaccine, Live, Oral",2022_november.csv,GlaxoSmithKline Biologicals,125265,Rotarix,106.0CCID50,Suspension,Oral,11/4/22
rozanolixizumab-noli,2023_july.csv | 2025_december.csv,"UCB, Inc.",761286,Rystiggo,280MG/2ML (140MG/ML) | 420MG/3ML (140MG/ML) | 560MG/4ML (140MG/ML) | 840MG/6ML (140MG/ML),Injection,Subcutaneous,14-Jun-24 | 6/26/2023
Rubella Virus Vaccine Live,2022_may.csv,Merck Sharp & Dohme Corp.,101075,MERUVAX II,NLT1000U/.5ML,For Injection,Subcutaneous,06/09/1969
sacrosidase,2022_may.csv,"QOL Medical, LLC",020772,Sucraid,"17,000IU/2ML (8,500IU/ML)",Solution For Oral,Oral,05/25/2022
satralizumab-mwge,2020_august.csv,"Genentech, Inc.",761149,Enspryng,120MG/ML,Injection,Subcutaneous,8/14/2020
secukinumab,2021_may.csv | 2023_may.csv | 2023_october.csv,Novartis Pharmaceuticals Corporation,125504 | 761349,Cosentyx,125MG/5ML | 300MG/2ML | 75MG/0.5ML,Injection,Intravenous | Subcutaneous,05/28/2021 | 10/6/2023 | 5/11/2023
Short Ragweed Pollen Allergen Extract,2021_april.csv,ALK - Abello A/S,125478,Ragwitek,12 AMB A 1-UTABS/CT,Tablet,Sublingual,4/16/2021
sibeprenlimab-szsi,2025_november.csv,"Otsuka Pharmaceutical Company, Ltd.",761434,Voyxact,400MG/2ML (200MG/ML),Injection,Subcutaneous,25-Nov-25
"Smallpox and Mpox Vaccine, Live, Non-replicating",2025_april.csv | 2025_may.csv,Bavarian Nordic A/S,125678,Jynneos,0.5-3.95 X 10E8 INF. U/.5ML,For Injection,Subcutaneous,"March 21, 2025"
somapacitan-beco,2020_august.csv | 2021_september.csv | 2023_may.csv,Novo Nordisk Inc.,761156,Sogroya,10MG/1.5ML (6.7MG/ML) | 15MG/1.5ML (10MG/ML) | 5MG/1.5ML (3.3MG/ML),Injection,Subcutaneous,10/01/2021 | 4/28/2023 | 8/28/2020
somatrogon-ghla,2023_july.csv,Pfizer Ireland Pharmaceuticals,761184,Ngenla,24MG/1.2ML (20MG/ML) | 60MG/1.2ML (50MG/ML),Injection,Subcutaneous,6/27/2023
sotatercept-csrk,2024_march.csv,Merck Sharp & Dohme LLC,761363,Winrevair,45MG | 60MG,For Injection,Subcutaneous,"March 26, 2024"
spesolimab-sbzo,2022_september.csv | 2024_march.csv | 2025_june.csv,"Boehringer Ingelheim Pharmaceuticals, Inc.",761244,Spevigo,150MG/ML | 300MG/2ML (150MG/ML) | 450MG/7.5ML (60MG/ML),Injection,Intravenous | Subcutaneous,"09/01/2022 | March 18, 2024 | May 28, 2025"
sutimlimab-jome,2022_february.csv,Bioverativ USA Inc.,761164,Enjaymo,"1,100MG/22ML (50MG/ML)",Injection,Intravenous,02/04/2022
tafasitamab-cxix,2020_august.csv,MorphoSys US Inc.,761163,Monjuvi,200MG,For Injection,Intravenous,7/31/2020
talquetamab-tgvs,2023_august.csv | 2023_september.csv,"Janssen Biotech, Inc.",761342,Talvey,3MG/1.5ML (2MG/ML) | 40MG/ML,Injection,Subcutaneous,8/9/2023
tarlatamab-dlle,2024_may.csv,Amgen Inc.,761344,Imdelltra,10MG | 1MG,Injection,Intravenous,16-May-24
tebentafusp-tebn,2022_january.csv,Immunocore Limited,761228,Kimmtrak,100MCG/0.5ML,Injection,Intravenous,01/25/2022
teclistamab-cqyv,2022_october.csv,"Janssen Biotech, Inc.",761291,Tecvayli,153MG/1.7ML (90MG/ML) | 30MG/3ML (10MG/ML),Injection,Subcutaneous,10/25/22
telisotuzumab vedotin-tllv,2025_may.csv,AbbVie Inc.,761384,Emrelis,100MG | 20MG,Injection,Intravenous,"May 14, 2025"
tenecteplase,2025_march.csv,"Genentech, Inc.",103909,TNKase,25MG,For Injection,Intravenous,28-Feb-25
teplizumab-mzwv,2022_november.csv,"Provention Bio, Inc.",761183,Tzield,2MG/2ML (1MG/ML),Injection,Intravenous,11/17/22
tesamorelin,2026_january.csv,Theratechnologies Inc.,22505,Egrifta WR,11.6MG,For Injection,Subcutaneous,25-Mar-25
Tetanus and Diphtheria Toxoids Adsorbed,2022_may.csv,Sanofi Pasteur Inc.,103921,,"2.5LF, 5LF, 2.5UG, 8UG/.5ML",Injection,Intramuscular,12/09/1999
Tetanus Toxoid Adsorbed,2022_may.csv,Sanofi Pasteur Inc.,103913,,5LF/.5ML,Injection,Intramuscular,12/09/1999
tezepelumab-ekko,2021_december.csv | 2023_february.csv,AstraZeneca AB,761224,Tezspire,210MG/1.91ML (110MG/ML),Injection,Subcutaneous,12/17/2021 | 2/1/2023
tislelizumab-jsgr,2024_march.csv,"BeiGene USA, Inc.",761232,Tevimbra,100MG/10ML (10MG/ML),Injection,Intravenous,"March 13, 2024"
tisotumab vedotin-tftv,2021_september.csv,Seagen Inc.,761208,Tivdak,40MG,For Injection,Intravenous,09/20/2021
tividenofusp alfa-eknm,2026_april.csv,Denali Therapeutics Inc.,761485,Avlayah,150MG,For Injection,Intravenous,"March 24, 2026"
tocilizumab-aazg,2024_march.csv,"Fresenius Kabi USA, LLC",761275,Tyenne,162MG/0.9ML | 200MG/10ML (20MG/ML) | 400MG/20ML (20MG/ML) | 80MG/4ML (20MG/ML),Injection,Intravenous | Subcutaneous,"March 05, 2024"
tocilizumab-anoh,2025_february.csv | 2025_january.csv,"CELLTRION, Inc.",761420,Avtozma,162MG/0.9ML | 200MG/10ML (20MG/ML) | 400MG/20ML (20MG/ML) | 80MG/4ML (20MG/ML),Injection,Intravenous | Subcutaneous,"24-Jan-25 | January 24, 2025"
tocilizumab-bavi,2023_october.csv,Biogen MA Inc.,761354,Tofidence,200MG/10ML (20MG/ML) | 400MG/20ML (20MG/ML) | 80MG/4ML (20MG/ML),Injection,Intravenous,9/29/2023
toripalimab-tpzi,2023_november.csv,"Coherus BioSciences, Inc.",761240,Loqtorzi,240MG/6ML (40MG/ML),Injection,Intravenous,10/27/2023
tralokinumab-ldrm,2021_december.csv | 2024_june.csv,LEO Pharma A/S,761180,Adbry,150MG/ML | 300MG/2ML,Injection,Subcutaneous,"12/27/2021 | June 12, 2024"
trastuzumab-qyyp,2020_november.csv,Pfizer Ireland Pharmaceuticals,761081,Trazimera,150MG,For Injection,Intravenous,11/30/2020
trastuzumab-strf,2024_may.csv | 2024_september.csv,Accord BioPharma Inc.,761346,Hercessi,150MG | 420MG,For Injection | Injection,Intravenous,"25-Apr-24 | September 06, 2024"
tremelimumab-actl,2022_october.csv,AstraZeneca AB,761289,Imjudo,25MG/1.25ML (20MG/ML) | 300MG/15ML (20MG/ML),Injection,Intravenous,10/21/22
ublituximab-xiiy,2023_january.csv,"TG Therapeutics, Inc.",761238,Briumvi,150MG/6ML (25MG/ML),Injection,Intravenous,12/28/2022
ustekinumab-aauz,2024_october.csv | 2025_may.csv,"Fresenius Kabi USA, LLC",761379,Otulfi,130MG/26ML (5MG/ML) | 45MG/0.5ML | 90MG/ML,Injection,Intravenous | Subcutaneous,"March 21, 2025 | September 27, 2024"
ustekinumab-aekn,2024_april.csv | 2024_october.csv | 2025_may.csv,Alvotech USA Inc.,761343,Selarsdi,130MG/26ML (5MG/ML) | 45MG/0.5ML | 90MG/ML,Injection,Intravenous | Subcutaneous,"April 16, 2024 | February 12, 2025 | October 18, 2024"
ustekinumab-auub,2023_november.csv | 2024_december.csv | 2025_february.csv | 2025_january.csv,Amgen Inc.,761285 | 761331,Wezlana,130MG/26ML (5MG/ML) | 45MG/0.5ML | 90MG/ML,Injection,Intravenous | Subcutaneous,"10/31/2023 | 26-Dec-24 | December 26, 2024"
ustekinumab-hmny,2025_may.csv,"Bio-Thera Solutions, Ltd.",761419,Starjemza,130MG/26ML (5MG/ML) | 45MG/0.5ML | 90MG/ML,Injection,Intravenous | Subcutaneous,"May 22, 2025"
ustekinumab-kfce,2024_december.csv,Biocon Biologics Inc.,761406,Yesintek,130MG/26ML (5MG/ML) | 45MG/0.5ML | 90MG/ML,For Injection | Injection,Intravenous | Subcutaneous,29-Nov-24
ustekinumab-srlf,2024_october.csv,Accord BioPharma Inc.,761364,Imuldosa,130MG/26ML (5MG/ML) | 45MG/0.5ML | 90MG/ML,Injection,Intravenous | Subcutaneous,"October 10, 2024"
ustekinumab-stba,2024_december.csv | 2025_june.csv,"CELLTRION, Inc.",761338,Steqeyma,130MG/26ML (5MG/ML) | 45MG/0.5ML | 90MG/ML,Injection,Intravenous | Subcutaneous,"17-Dec-24 | December 17, 2024 | June 12, 2025"
ustekinumab-ttwe,2024_december.csv | 2024_july.csv | 2025_july.csv,"Samsung Bioepis Co., Ltd.",761373 | 761425,Pyzchiva,130MG/26ML (5MG/ML) | 45MG/0.5ML | 90MG/ML,Injection,Intravenous | Subcutaneous,"20-Dec-24 | June 27, 2025 | June 28, 2024"
valoctocogene roxaparvovec-rvox,2023_july.csv,Biomarin Pharmaceutical Inc.,125720,Roctavian,16X 10E13GENOMES PER ML,Injection,Intravenous,6/29/2023
Varicella Virus Vaccine Live,2023_march.csv,Merck Sharp & Dohme LLC,103552,Varivax,NLT  1350PFU/.5ML,For Injection,Intramuscular,2/27/2023
vedolizumab,2023_october.csv,"Takeda Pharmaceuticals U.S.A., Inc.",761133,Entyvio | Entyvio Pen,108MG/0.68ML,Injection,Subcutaneous,9/27/2023
velmanase alfa-tycv,2023_february.csv,Chiesi Farmaceutici S.p.A.,761278,Lamzede,10MG,For Injection,Intravenous,2/16/2023
zanidatamab-hrii,2024_november.csv,Jazz Pharmaceuticals Ireland Limited,761416,Ziihera,300MG,For Injection,Intravenous,20-Nov-24
zenocutuzumab-zbco,2024_december.csv,Merus NV,761352,Bizengri,375MG/18.75ML (20MG/ML),Injection,Intravenous,4-Dec-24
zolbetuximab-clzb,2024_october.csv | 2025_june.csv,"Astellas Pharma US, Inc.",761365,Vyloy,100MG | 300MG,Injection,Intravenous,"March 24, 2025 | October 18, 2024"
"Zoster Vaccine Recombinant, Adjuvanted",2021_july.csv,GlaxoSmithKline Biologicals,125614,Shingrix,50UG,For Injection,Intramuscular,07/23/2021
