Drug Name,Disease,Category
ofatumumab,"KESIMPTA is indicated for the treatment of relapsing forms of multiple sclerosis, to include clinically isolated syndrome, relapsing-remitting disease, and secondary progressive di",autoimmune
"Influenza Vaccine, Adjuvanted",INDICATIONS AND USAGE Amantadine hydrochloride syrup is indicated for the prophylaxis and treatment of signs and symptoms of infection caused by various strains of influenza A viru,infectious
Coagulation Factor VIIa (Recombinant),SEVENFACT is indicated for the treatment and control of bleeding episodes occurring,others
"Influenza A (H5N1) Monovalent Vaccine, Adjuvanted",,others
Peanut (Arachis hypogaea) Allergen Powder,PALFORZIA is an oral immunotherapy indicated for the mitigation of allergic reactions,others
"Meningococcal (Groups A, C, Y, W) Conjugate Vaccine","Penicillin G Potassium for Injection, USP may be initiated before results of such tests are known",others
"Meningococcal (Groups A, C, Y, W) Conjugate Vaccine","however, once these results become available, appropriate therapy should be continued. CLINICAL INDICATION INFECTING ORGANISM Septicemia, empyema, pneumonia, pericarditis, endocard",infectious
"Meningococcal (Groups A, C, Y, W) Conjugate Vaccine","Penicillin G Sodium for Injection, USP may be initiated before results of such tests are known",others
"Meningococcal (Groups A, C, Y, W) Conjugate Vaccine",Penicillin G Potassium for Injection may be initiated before results of such tests are known,others
"Meningococcal (Groups A, C, Y, W) Conjugate Vaccine",INDICATIONS AND USAGE Sulfadiazine Tablets are indicated in the,others
"Meningococcal (Groups A, C, Y, W) Conjugate Vaccine","INDICATIONS AND USAGE sulfADIAZINE Tablets, USP are indicated in the",others
"Meningococcal (Groups A, C, Y, W) Conjugate Vaccine","Penicillin G Potassium Injection, USP may be initiated before results of such tests are known",others
Brexucabtagene Autoleucel,TECARTUS is a CD19-directed genetically modified autologous T cell immunotherapy indicated for the treatment of,others
emapalumab,GAMIFANT is indicated for the treatment of,others
satralizumab-mwge,ENSPRYNG is indicated for the treatment of neuromyelitis optica spectrum disorder,others
somapacitan,Pediatric Patients,others
somapacitan,Idiopathic Short Stature. Adults,others
somapacitan,no catch-up growth by 2 years of age,others
somapacitan,Growth failure associated with Noonan syndrome,others
somapacitan,Growth failure due to inadequate secretion of endogenous growth hormone,others
belantamab mafodotin,bortezomib and dexamethasone for the treatment of adult patients with relapsed or refractory multiple myeloma,oncology
tafasitamab-cxix,MONJUVI is a CD19-directed cytolytic antibody indicated,others
tafasitamab-cxix,"lenalidomide, is indicated for the treatment of adult patients with relapsed or refractory diffuse large B-cell lymphoma not otherwise specified",oncology
rituximab,"RITUXAN HYCELA is a combination of rituximab, a CD20-directed cytolytic antibody, and hyaluronidase human, an endoglycosidase, indicated for the treatment of adult patients with",others
rituximab,TRUXIMA is a CD20-directed cytolytic antibody indicated for the treatment of adult patients with,others
rituximab,RITUXAN is a CD20-directed cytolytic antibody indicated for the treatment of,others
rituximab,RIABNI is a CD20-directed cytolytic antibody indicated for the treatment of,others
rituximab,Non-progressing (,others
rituximab,Non-Hodgkin's Lymphoma,oncology
rituximab,first line chemotherapy and,others
rituximab,Chronic Lymphocytic Leukemia,oncology
rituximab,Moderate to severe Pemphigus Vulgaris,others
rituximab,Polyangiitis and Microscopic Polyangiitis,others
rituximab,Rheumatoid Arthritis in combination with methotrexate,autoimmune
rituximab,RUXIENCE is a CD20-directed cytolytic antibody indicated for the treatment of,others
rituximab,"Relapsed or refractory, low-grade or follicular, CD20-positive, B-cell NHL as a single agent",others
rituximab,"Previously untreated diffuse large B-cell, CD20-positive NHL in combination with cyclophosphamide, doxorubicin, vincristine, prednisone or other anthracycline-based chemotherapy re",others
margetuximab-cmkb,"chemotherapy, for the treatment of adult patients with metastatic HER2-positive breast cancer",oncology
ansuvimab-zykl,EBANGA is indicated for the treatment of infection caused by Zaire ebolavirus in adult and pediatric patients,infectious
ansuvimab-zykl,EBANGA is indicated for the treatment of infection caused by Orthoebolavirus zairense in adult and pediatric patients,infectious
ansuvimab-zykl,The efficacy of EBANGA has not been established for other species of the Orthoebolavirus and Orthomarburgvirus genera,others
ansuvimab-zykl,"Orthoebolavirus zairense can change over time, and factors such as emergence of resistance or changes in viral virulence could diminish the clinical benefit of antiviral drugs. Con",infectious
adalimumab,Uveitis,autoimmune
adalimumab,Crohn’s Disease,autoimmune
adalimumab,Plaque Psoriasis,autoimmune
adalimumab,Ulcerative Colitis,autoimmune
adalimumab,Psoriatic Arthritis,others
adalimumab,Rheumatoid Arthritis,autoimmune
adalimumab,Ankylosing Spondylitis,autoimmune
adalimumab,Hidradenitis Suppurativa,autoimmune
adalimumab,Juvenile Idiopathic Arthritis,autoimmune
adalimumab,rheumatoid arthritis,autoimmune
adalimumab,Crohn’s disease,autoimmune
adalimumab,ulcerative colitis,autoimmune
adalimumab,psoriatic arthritis,others
adalimumab,moderate to severe hidradenitis suppurativa,autoimmune
adalimumab,polyarticular juvenile idiopathic arthritis,autoimmune
adalimumab,"non-infectious intermediate, posterior, and panuveitis",infectious
adalimumab,adult patients with moderate to severe chronic plaque psoriasis,autoimmune
adalimumab,1.6 Ulcerative Colitis HYRIMOZ is indicated for the treatment of ulcerative colitis,autoimmune
adalimumab,1.7 Plaque Psoriasis HYRIMOZ is indicated for the treatment of adult patients with moderate to severe chronic plaque psoriasis,autoimmune
adalimumab,1.6 Ulcerative Colitis Adalimumab-adaz is indicated for the treatment of ulcerative colitis,autoimmune
adalimumab,1.7 Plaque Psoriasis Adalimumab-adaz is indicated for the treatment of adult patients with moderate to severe chronic plaque psoriasis,autoimmune
adalimumab,r heumatoid a rthritis,others
adalimumab,r heumatoid arthritis,others
adalimumab,HADLIMA is a tumor necrosis factor blocker indicated for,others
adalimumab,Adalimumab-bwwd is a tumor necrosis factor blocker indicated for,others
"pertuzumab, trastuzumab, and hyaluronidase",chemotherapy as,others
collagenase clostridium histolyticum,The treatment of adult patients with Dupuytren’s contracture with a palpable cord The treatment of adult men with Peyronie’s disease with a palpable plaque and curvature deformity,others
epoetin alfa,anemia due to,others
epoetin alfa,As a substitute for RBC transfusions,others
epoetin alfa,anemia due to o Chronic Kidney Disease,others
epoetin alfa,Reduction of allogeneic red blood cell transfusions,others
dupilumab,DUPIXENT is an interleukin-4 receptor alpha antagonist indicated,others
insulin lispro,diabetes mellitus,metabolic
insulin lispro,HUMALOG Mix50/50 is indicated to improve glycemic control,others
insulin lispro,HUMALOG Mix75/25 is indicated to improve glycemic control,others
insulin lispro,Insulin Lispro Protamine and Insulin Lispro Mix75/25 is indicated to improve glycemic control,others
pegfilgrastim,"UDENYCA is a leukocyte growth factor indicated to Decrease the incidence of infection, as manifested by febrile neutropenia",infectious
pegfilgrastim,Increase survival,others
pegfilgrastim,ZIEXTENZO is a leukocyte growth factor indicated to,others
pegfilgrastim,"Decrease the incidence of infection, as manifested by febrile neutropenia",infectious
pegfilgrastim,"NYVEPRIA is indicated to decrease the incidence of infection, as manifested by febrile neutropenia",infectious
pegfilgrastim,Fulphila is a leukocyte growth factor indicated to,others
pegfilgrastim,"Armlupeg is a leukocyte growth factor indicated to Decrease the incidence of infection, as manifested by febrile neutropenia",infectious
pegfilgrastim,"FYLNETRA is a leukocyte growth factor indicated to decrease the incidence of infection, as manifested by febrile neutropenia",infectious
pegfilgrastim,"Neulasta is a leukocyte growth factor indicated to Decrease the incidence of infection, as manifested by febrile neutropenia",infectious
insulin glargine,BASAGLAR ® is indicated to improve glycemic control,others
insulin glargine,diabetes mellitus,metabolic
insulin glargine,TOUJEO is indicated to improve glycemic control,others
insulin glargine,SOLIQUA 100/33 is a combination of insulin glargine and lixisenatide and is indicated as an adjunct to diet and exercise to improve glycemic control,others
insulin glargine,Insulin glargine is indicated to improve glycemic control,others
insulin glargine,"Insulin Glargine, U-300 is indicated to improve glycemic control",others
inebilizumab-cdon,UPLIZNA is a CD19-directed cytolytic antibody indicated for the treatment of,others
inebilizumab-cdon,UPLIZNA is indicated for the treatment of neuromyelitis optica spectrum disorder,others
trastuzumab,"KADCYLA is a HER2-targeted antibody and microtubule inhibitor conjugate indicated, as a single agent, for",others
trastuzumab,chemotherapy as,others
trastuzumab,Herceptin is a HER2/neu receptor antagonist indicated,others
trastuzumab,ENHERTU is a HER2-directed antibody and topoisomerase inhibitor conjugate indicated,others
trastuzumab,locally advanced or metastatic HER2-positive gastric or gastroesophageal junction adenocarcinoma,oncology
trastuzumab,or developed disease recurrence during or within 6 months of completing adjuvant chemotherapy. HER2-Mutant Unresectable or Metastatic Non-Small Cell Lung Cancer as monotherapy for,oncology
trastuzumab,"pertuzumab, is indicated for the first-line treatment of adult patients with unresectable or metastatic HER2-positive breast cancer, as determined by an FDA-approved test [see ENHE",oncology
trastuzumab,KANJINTI is a HER2/neu receptor antagonist indicated,others
trastuzumab,HERZUMA is a HER2/neu receptor antagonist indicated,others
trastuzumab,Ogivri is a HER2/neu receptor antagonist indicated,others
trastuzumab,as a single agent,others
trastuzumab,docetaxel and carboplatin,others
trastuzumab,The treatment of HER2-overexpressing breast cancer,oncology
trastuzumab,TRAZIMERA is a HER2/neu receptor antagonist indicated,others
trastuzumab,As a single agent for treatment of HER2-overexpressing breast cancer,oncology
trastuzumab,paclitaxel for first-line treatment of HER2-overexpressing metastatic breast cancer,oncology
trastuzumab,"as part of a treatment regimen consisting of doxorubicin, cyclophosphamide, and either paclitaxel or docetaxel",others
trastuzumab,The treatment of HER2-overexpressing metastatic gastric or gastroesophageal junction adenocarcinoma. 1.1 Adjuvant Breast Cancer TRAZIMERA is indicated,oncology
trastuzumab,Ontruzant is a HER2/neu receptor antagonist indicated,others
trastuzumab,"HERCEPTIN HYLECTA is a combination of trastuzumab, a HER2/neu receptor antagonist, and hyaluronidase, an endoglycosidase, indicated",others
naxitamab-gqgk,"granulocyte-macrophage colony-stimulating factor, for the treatment of pediatric patients 1 year of age and older and adult patients with relapsed or refractory high-risk neuroblas",others
ravulizumab,the treatment of adult and pediatric patients one month of age and older with paroxysmal nocturnal hemoglobinuria. the treatment of adult and pediatric patients one month of age an,others
"atoltivimab, maftivimab, and odesivimab-ebgn",INMAZEB is indicated for the treatment of infection caused by Orthoebolavirus zairense in adult and pediatric patients,infectious
dulaglutide,TRULICITY ® is indicated,others
polatuzumab vedotin-piiq,POLIVY is a CD79b-directed antibody and microtubule inhibitor conjugate indicated,others
Short Ragweed Pollen Allergen Extract,INDICATIONS Studies have shown,others
Short Ragweed Pollen Allergen Extract,"INDICATIONS AND USAGE 16, 17, 18, 20 Standardized glycerinated allergenic extracts in potencies of 10,000 BAU/mL and 100,000 BAU/mL are indicated for use in diagnosis and immunothe",others
risankizumab,SKYRIZI is an interleukin-23 antagonist indicated for the treatment of,others
dostarlimab-gxly,JEMPERLI is a programmed death receptor-1–blocking antibody indicated,others
dostarlimab-gxly,"dMMR recurrent or advanced solid tumors, as determined by an FDA-approved test",oncology
dostarlimab-gxly,"mismatch repair deficient recurrent or advanced EC, as determined by an FDA-approved test",others
dostarlimab-gxly,"carboplatin and paclitaxel, followed by JEMPERLI as a single agent, for the treatment of adult patients with primary advanced or recurrent endometrial cancer",oncology
loncastuximab tesirine-lpyl,relapsed or refractory large B-cell lymphoma,oncology
avalglucosidase alfa-ngpt,NEXVIAZYME is indicated for the treatment of patients 1 year of age and older with late-onset Pompe disease. NEXVIAZYME is a hydrolytic lysosomal glycogen-specific enzyme indicated,others
eptinezumab-jjmr,VYEPTI is indicated for the preventive treatment of migraine,neurology
lonapegsomatropin,Pediatric Patients,others
COVID,5g of oil in 500ml of water,others
tezepelumab,severe asthma,others
tezepelumab,inadequately controlled chronic rhinosinusitis with nasal polyps,others
tezepelumab,"TEZSPIRE is a thymic stromal lymphopoietin blocker, human monoclonal antibody, indicated",others
efgartigimod alfa-fcab,VYVGART is indicated for the treatment of generalized myasthenia gravis,autoimmune
tralokinumab,ADBRY is indicated for the treatment of moderate-to-severe atopic dermatitis,others
evinacumab,EVKEEZA is indicated as an adjunct to diet and exercise and other low-density lipoprotein-cholesterol lowering therapies to reduce LDL-C,metabolic
Cholera Vaccine Live Oral,,others
Pneumococcal 15-valent Conjugate Vaccine,INDICATIONS AND USAGE Prevnar ® is indicated for immunization of infants and toddlers against invasive disease caused by S. pneumoniae due to capsular serotypes included in the vac,others
"Zoster Vaccine Recombinant, Adjuvanted",,others
anifrolumab,moderate to severe systemic lupus erythematosus,autoimmune
"Allogeneic Keratinocyte Cell Line (NIKS), Seeded on Rat Collagen (BD) Conditioned with Human Dermal Fibroblasts (Clonetics)",thermal burns containing intact dermal elements for,others
aducanumab,ADUHELM is indicated for the treatment of Alzheimer's disease. Treatment with ADUHELM should be initiated,neurology
asparaginase erwinia chrysanthemi (recombinant)-rywn,RYLAZE is indicated as a component of a multi-agent chemotherapeutic regimen for the treatment of acute lymphoblastic leukemia and lymphoblastic lymphoma in adult and pediatric pat,oncology
Influenza Vaccine,INDICATIONS AND USAGE Amantadine hydrochloride syrup is indicated for the prophylaxis and treatment of signs and symptoms of infection caused by various strains of influenza A viru,infectious
idecabtagene vicleucel,relapsed or refractory multiple myeloma,oncology
secukinumab,COSENTYX is a human interleukin-17A antagonist indicated for the treatment of,others
amivantamab-vmjw,RYBREVANT is a bispecific EGF receptor-directed and MET receptor-directed antibody indicated,others
ropeginterferon alfa-2b-njft,polycythemia vera,others
Hepatitis B Vaccine (Recombinant),infant botulism caused by toxin types A or B,others
Hepatitis B Vaccine (Recombinant),PEDIARIX,others
Allogeneic processed Thymus Tissue,RETHYMIC ® is indicated for immune reconstitution,others
ranibizumab,Macular Edema,others
ranibizumab,Diabetic Retinopathy,others
ranibizumab,Diabetic Macular Edema,others
ranibizumab,Neovascular Age-Related Macular Degeneration,others
ranibizumab,CIMERLI is indicated for the treatment of patients with,others
ranibizumab,Myopic Choroidal Neovascularization 1.1 Neovascular Age-Related Macular Degeneration 1.2 Macular Edema,others
ranibizumab,BYOOVIZ is indicated for the treatment of patients with,others
ranibizumab,SUSVIMO is a vascular endothelial growth factor inhibitor indicated for the treatment of patients with,others
ranibizumab,LUCENTIS is indicated for the treatment of patients with,others
tisotumab vedotin-tftv,TIVDAK ® is indicated for the treatment of adult patients with recurrent or metastatic cervical cancer with disease progression on or,oncology
bevacizumab,MVASI is a vascular endothelial growth factor inhibitor indicated for the treatment of,others
bevacizumab,Alymsys is a vascular endothelial growth factor inhibitor indicated for the treatment of,others
bevacizumab,VEGZELMA is a vascular endothelial growth factor inhibitor indicated for the treatment of,others
bevacizumab,interferon alfa,others
bevacizumab,Recurrent glioblastoma,oncology
bevacizumab,carboplatin and paclitaxel for first-line treatment,others
bevacizumab,"paclitaxel and cisplatin, or paclitaxel and topotecan",others
bevacizumab,"Epithelial ovarian, fallopian tube, or primary peritoneal cancer",oncology
bevacizumab,intravenous fluorouracil-based chemotherapy for first-or second-line treatment,others
bevacizumab,Jobevne is a vascular endothelial growth factor inhibitor indicated for the treatment of,others
bevacizumab,fluoropyrimidine-irinotecan-or fluoropyrimidine-oxaliplatin-based chemotherapy for second-line treatment,others
bevacizumab,Avastin is a vascular endothelial growth factor inhibitor indicated for the treatment of,others
bevacizumab,Avzivi is a vascular endothelial growth factor inhibitor indicated for the treatment of,others
bevacizumab,paclitaxel and cisplatin or paclitaxel and topotecan,others
bevacizumab,intravenous fluorouracil-based chemotherapy for first- or second-line treatment,others
bevacizumab,ZIRABEV is a vascular endothelial growth factor inhibitor indicated for the treatment of,others
bevacizumab,fluoropyrimidine-irinotecan- or fluoropyrimidine-oxaliplatin-based chemotherapy for second-line treatment,others
betibeglogene autotemcel,β-thalassemia who require regular red blood cell transfusions,others
"Fecal Microbiota Transplantation, Frozen Preparation",REBYOTA is indicated for the prevention of recurrence of Clostridioides difficile infection in individuals 18 years of age and older,infectious
nadofaragene firadenovec-vncg,high-risk Bacillus Calmette-Guérin-unresponsive non-Muscle Invasive Bladder Cancer with carcinoma in situ with or without papillary tumors,oncology
mosunetuzumab,relapsed or refractory follicular lymphoma,oncology
sutimlimab-jome,ENJAYMO is a classical complement inhibitor indicated for the treatment of hemolysis,others
filgrastim,NYPOZI is a leukocyte growth factor indicated to,others
filgrastim,RELEUKO is a leukocyte growth factor indicated to,others
filgrastim,NEUPOGEN is a leukocyte growth factor indicated to Decrease the incidence of infection‚ as manifested by febrile neutropenia‚,infectious
filgrastim,Increase survival,others
filgrastim,ZARXIO is a leukocyte growth factor indicated to,others
filgrastim,Reduce the time to neutrophil recovery and the duration of fever,others
filgrastim,congenital neutropenia‚ cyclic neutropenia‚ or idiopathic neutropenia,others
filgrastim,Decrease the incidence of infection‚ as manifested by febrile neutropenia‚,infectious
filgrastim,Reduce the duration of neutropenia and neutropenia-related clinical sequelae‚ e.g.‚ febrile neutropenia,others
filgrastim,Mobilize autologous hematopoietic progenitor cells into the peripheral blood for collection by leukapheresis,others
filgrastim,NIVESTYM is a leukocyte growth factor indicated to,others
filgrastim,non-myeloid malignancies receiving myelosuppressive anticancer drugs associated with a clinically significant incidence of febrile neutropenia,oncology
ciltacabtagene autoleucel,relapsed or refractory multiple myeloma,oncology
mepolizumab,chronic rhinosinusitis with nasal polyps,others
mepolizumab,eosinophilic granulomatosis with polyangiitis,others
mepolizumab,severe asthma and with an eosinophilic phenotype,others
mepolizumab,Add-on maintenance treatment of adult patients with inadequately controlled chronic obstructive pulmonary disease and an eosinophilic phenotype,others
mepolizumab,The treatment of adult and pediatric patients aged 12 years and older with hypereosinophilic syndrome for greater than or equal to 6 months without an identifiable non-hematologic,others
tebentafusp-tebn,KIMMTRAK is indicated for the treatment of HLA-A,others
faricimab,VABYSMO is a vascular endothelial growth factor and angiopoietin 2 inhibitor indicated for the treatment of patients with,others
"Antihemophilic Factor (Recombinant), rAHF",ALTUVIIIO is indicated for use,others
"Measles, Mumps and Rubella Virus Vaccine Live",Rx Only,others
nivolumab and relatlimab,unresectable or metastatic melanoma,oncology
brolucizumab-dbll,BEOVU ® is indicated for the treatment of,others
sacrosidase,INDICATIONS AND USAGE Sucraid ® Oral Solution is indicated for the treatment of sucrase deficiency,others
etanercept,Enbrel is a tumor necrosis factor blocker indicated for the treatment of,others
mirvetuximab soravtansine-gynx,"folate receptor-alpha positive, platinum-resistant epithelial ovarian, fallopian tube, or primary peritoneal cancer",oncology
teplizumab-mzwv,Stage 2 type 1 diabetes [see TZIELD is a CD3-directed antibody indicated to delay the onset of Stage 3 type 1 diabetes in adult and pediatric patients 1 year of age and older with,metabolic
"Rotavirus Vaccine, Live, Oral","Uses temporary relief of itching associated with minor skin irritations and rashes due to eczema insect bites poison ivy, poison oak, or poison sumac soaps detergents cosmetics jew",others
"Rotavirus Vaccine, Live, Oral",Live Tinted Hueguard Skin Tint Indication and Usage,others
"Rotavirus Vaccine, Live, Oral",Please kindly refer to artwork,others
"Rotavirus Vaccine, Live, Oral",Indications & Usage,others
"Rotavirus Vaccine, Live, Oral",Uses first aid to help prevent infection in minor cuts scrapes burns,infectious
"Rotavirus Vaccine, Live, Oral","Uses cures most athlete's foot, jock itch and ringworm relieves itching, burning, cracking, scaling and discomfort",others
"Rotavirus Vaccine, Live, Oral",Uses,others
"Rotavirus Vaccine, Live, Oral",Helps prevent sunburn,others
"Rotavirus Vaccine, Live, Oral","other sun protection measures, helps decrease the risk of skin cancer and early skin aging caused by the sun",oncology
"Rotavirus Vaccine, Live, Oral",Uses first aid to help prevent infection in minor,infectious
"Rotavirus Vaccine, Live, Oral",Uses first aid to help prevent infection and for the temporary relief of pain or discomfort in minor,infectious
"Rotavirus Vaccine, Live, Oral",VOWST is indicated to prevent the recurrence of Clostridioides difficile infection in individuals 18 years of age and older,infectious
"Rotavirus Vaccine, Live, Oral",Uses Nasal congestion Removes inhaled irritants Moisturizes dry nasal passages,others
"Rotavirus Vaccine, Live, Oral",colds,others
"Rotavirus Vaccine, Live, Oral",fever,others
"Rotavirus Vaccine, Live, Oral",chills,others
"Rotavirus Vaccine, Live, Oral",stress,others
"Rotavirus Vaccine, Live, Oral",fatigue,others
"Rotavirus Vaccine, Live, Oral",headache,neurology
"Rotavirus Vaccine, Live, Oral",aches & pains,others
"Rotavirus Vaccine, Live, Oral",Temporarily Relieves Minor and Occasional,others
etranacogene dezaparvovec,Hemophilia B who,others
Alpha,INDICATIONS,others
Alpha,"INDICATIONS CitraNatal Assure ® is a multivitamin/mineral prescription drug indicated for use in improving the nutritional status of women prior to conception, throughout pregnancy",others
Alpha,"Claims based on traditional homeopathic practice, not accepted medical evidence. Not FDA evaluated",others
Alpha,ten essential vitamins,others
Alpha,Take 15 minutes before meals,others
Alpha,Directions,others
Alpha,"Claims based on traditional homeopathic practice, not accepted medical evidence, Not FDA evaluated",others
Alpha,HOMEOPATHIC INDICATIONS,others
Alpha,These statements are based upon homeopathic principles. They have not been reviewed by the Food and Drug Administration,others
Alpha,USES,others
Alpha,circulation support,others
Alpha,For the temporary relief of the symptoms including,others
Alpha,fatigue These statements are based upon homeopathic principles. They have not been reviewed by the Food and Drug Administration,others
Alpha,joint pain,others
Alpha,joint support,others
Alpha,For the temporary relief of symptoms including,others
Alpha,joint stiffness These statements are based upon homeopathic principles. They have not been reviewed by the Food and Drug Administration,others
Alpha,Uses † for temporary relief of,others
Alpha,Indication & Usage Uses,others
Alpha,exhaustion These statements are based upon homeopathic principles. They have not been reviewed by the Food and Drug Administration,others
Alpha,Uses,others
Alpha,I ndications and Usage,others
Alpha,fatigue,others
Alpha,muscle soreness These statements are based upon homeopathic principles. They have not been reviewed by the Food and Drug Administration,others
Alpha,"Uses Temporarily supports your body's natural growth processes, energy levels, muscle tone and strength, bone health, and healthy metabolism and weight",others
Alpha,"CLAIMS BASED ON TRADITIONAL HOMEOPATHIC PRACTICE, NOT ACCEPTED MEDICAL EVIDENCE, NOT FDA EVALUATED. This product is not intended to diagnose, treat, cure, or prevent any disease",others
Alpha,"Use l% Alpha Hydroxy Acid Ampoule Toothpaste can deeply clean the mouth and teeth, and resist dental caries",others
Alpha,mood changes,others
Alpha,frequent colds,others
Alpha,poor digestion,others
Alpha,tingling in feet,others
Alpha,tingling in hands,others
Alpha,occasional constipation These statements are based upon homeopathic principles. They have not been reviewed by the Food and Drug Administration,others
Alpha,USAGE,others
Alpha,"Vitafol ® Fe + does not contain fish oils, fish proteins, or fish by-products",others
Alpha,Uses handwash to help reduce bacteria,others
Alpha,Uses sanitizes hands to help reduce bacteria,others
Alpha,Insect bites,others
Alpha,Eczema and rashes,others
Alpha,Shingles flare-ups,others
Alpha,Minor boils and abscesses,others
Alpha,Ringworm and fungal irritation,infectious
Alpha,Cold sores and herpes outbreaks,others
Alpha,Minor burns See uploaded back label image. OTC Purpose Section 0.5oz,others
Alpha,Indications & Usage – Sea Jewels Lemon Balm Full Body Salve - Helps comfort skin during periods of irritation or flare-ups - Helps relieve symptoms associated with,others
Alpha,Minor burns See uploaded back label image. Indications & Usage – Sea Jewels Lemon Balm Full Body Salve,others
Alpha,Indications & Usage – Sea Jewels Lemon Balm Full Body Salve Helps comfort skin during periods of irritation or flare-ups Helps relieve symptoms associated with,others
Alpha,Indications & Usage Temporarily relieves these symptoms,others
Alpha,"Vitafol ® Ultra does not contain fish, fish oils, fish proteins or fish byproducts",others
Alpha,"USAGE Vitafol ® Ultra provides vitamin, mineral, and DHA supplementation prior to conception, throughout pregnancy, and during the postnatal period for the lactating and non-lactat",others
Alpha,"Uses ​ ​Temporary relief of low energy, sluggish digestion, muscle weakness",others
Alpha,additional nutrients indicated for use in improving the nutritional status of renal dialysis patients,others
Alpha,INFUVITE PEDIATRIC is a combination of vitamins indicated for the prevention of vitamin deficiency,others
Alpha,These statements are based upon traditional homeopathic principles. They have not been reviewed by the Food and Drug Administration,others
Alpha,headache,neurology
Alpha,confusion,others
Alpha,intimacy issues These statements are based upon homeopathic principles. They have not been reviewed by the Food and Drug Administration,others
Alpha,"INDICATIONS PNV-DHA + Docusate is a multivitamin/mineral prescription dietary supplement indicated for use in improving the nutritional status of women prior to conception, through",others
Alpha,Indications and Usage,others
Alpha,thyroid support,metabolic
Alpha,lack of energy These statements are based upon homeopathic principles. They have not been reviewed by the Food and Drug Administration,others
Alpha,INDICATIONS Se-Natal 19 tablets are indicated for use in improving the nutritional status of women throughout pregnancy and in the postnatal period for both lactating and non-lacta,others
Alpha,lymphatic swelling,others
Alpha,bad effects from sedentary habits,others
Alpha,anxiety,others
Alpha,back pain,others
Alpha,INDICATION,others
Alpha,back spasms,others
Alpha,back discomfort,others
Alpha,nervousness These statements are based upon homeopathic principles. They have not been reviewed by the Food and Drug Administration,others
Alpha,exhaustion,others
Alpha,weakness These statements are based upon homeopathic principles. They have not been reviewed by the Food and Drug Administration,others
Alpha,"Uses For the temporary relief of occasional minor irritation and pain, associated with",others
Alpha,nutritional deficiencies or are in need of nutritional supplementation,others
Alpha,bloating,others
Alpha,stomach upset,others
Alpha,occasional diarrhea,others
Alpha,occasional constipation,others
Alpha,DIRECTIONS Take 15 minutes before meals,others
Alpha,"vitamins A, C and D",others
Alpha,INDICATIONS TriStart DHA™ is an orally administered multivitamin/multimineral fatty acid dietary supplement indicated to improve the nutritional status of women throughout pregnanc,others
Alpha,Indications and Usage Temporarily relieves these symptoms,others
Alpha,weakness,others
Alpha,tiredness,others
Alpha,general fatigue,others
Alpha,weakness of memory,others
Alpha,"Vitafol ® -OB+DHA does not contain fish, fish oils, fish proteins or fish byproducts",others
Alpha,"INDICATIONS AND USAGE Vitafol ® -OB+DHA is indicated to provide vitamin, mineral and omega-3 fatty acid supplementation prior to conception, throughout pregnancy, and during the po",others
Alpha,joint swelling,others
Alpha,muscle pain These statements are based upon homeopathic principles. They have not been reviewed by the Food and Drug Administration,others
Alpha,INDICATIONS AND USAGE STROVITE ® ONE is indicated to provide nutritional supplementation to support optimum vitamin and mineral levels,others
Alpha,thirst,others
Alpha,dry mouth,others
Alpha,night sweats,others
Alpha,sugar cravings,others
Alpha,carbohydrate cravings These statements are based upon homeopathic principles. They have not been reviewed by the Food and Drug Administration,others
Alpha,metabolism support,others
Alpha,weakened constitution These statements are based upon homeopathic principles. They have not been reviewed by the Food and Drug Administration,others
Alpha,"Select-OB+DHA ® does not contain fish, fish oils, fish proteins or fish byproducts",others
Alpha,"INDICATIONS AND USAGE Select-OB+DHA ® is indicated to provide vitamin, mineral, and omega-3 fatty acid supplementation prior to conception, throughout pregnancy, and during the pos",others
Alpha,muscle soreness,others
"Meningococcal (Groups A, C, Y, and W-135) Oligosaccharide Diphtheria CRM197 Conjugate Vaccine","Penicillin G Potassium for Injection, USP may be initiated before results of such tests are known",others
"Meningococcal (Groups A, C, Y, and W-135) Oligosaccharide Diphtheria CRM197 Conjugate Vaccine","however, once these results become available, appropriate therapy should be continued. CLINICAL INDICATION INFECTING ORGANISM Septicemia, empyema, pneumonia, pericarditis, endocard",infectious
"Meningococcal (Groups A, C, Y, and W-135) Oligosaccharide Diphtheria CRM197 Conjugate Vaccine","Penicillin G Sodium for Injection, USP may be initiated before results of such tests are known",others
"Meningococcal (Groups A, C, Y, and W-135) Oligosaccharide Diphtheria CRM197 Conjugate Vaccine",Penicillin G Potassium for Injection may be initiated before results of such tests are known,others
"Meningococcal (Groups A, C, Y, and W-135) Oligosaccharide Diphtheria CRM197 Conjugate Vaccine",INDICATIONS AND USAGE Sulfadiazine Tablets are indicated in the,others
"Meningococcal (Groups A, C, Y, and W-135) Oligosaccharide Diphtheria CRM197 Conjugate Vaccine","INDICATIONS AND USAGE sulfADIAZINE Tablets, USP are indicated in the",others
"Meningococcal (Groups A, C, Y, and W-135) Oligosaccharide Diphtheria CRM197 Conjugate Vaccine","Penicillin G Potassium Injection, USP may be initiated before results of such tests are known",others
tremelimumab,IMJUDO is a cytotoxic T-lymphocyte-associated antigen 4 blocking antibody indicated,others
tremelimumab,"durvalumab, for the treatment of adult patients with unresectable hepatocellular carcinoma",oncology
tremelimumab,durvalumab and platinum-based chemotherapy for the treatment of adult patients with metastatic non-small cell lung cancer with no sensitizing epidermal growth factor receptor mutat,oncology
teclistamab,relapsed or refractory multiple myeloma in combination with daratumumab and hyaluronidase-fihj,oncology
olipudase alfa,XENPOZYME is indicated for treatment of non–central nervous system manifestations of acid sphingomyelinase deficiency in adult and pediatric patients. XENPOZYME is a hydrolytic lys,others
spesolimab,SPEVIGO is indicated for the treatment of generalized pustular psoriasis,autoimmune
daxibotulinumtoxinA,corrugator and/ or procerus muscle activity,others
eflapegrastim-xnst,"Rolvedon is indicated to decrease the incidence of infection, as manifested by febrile neutropenia",infectious
elivaldogene autotemcel,"early, cerebral adrenoleukodystrophy without an available human leukocyte antigen-matched donor for allogeneic hematopoietic stem cell transplant",others
omidubicel,OMISIRGE is a nicotinamide modified allogeneic hematopoietic progenitor cell therapy derived from cord blood indicated for the treatment of,others
talquetamab,relapsed or refractory multiple myeloma,oncology
elranatamab,relapsed or refractory multiple myeloma,oncology
pozelimab-bbfg,"VEOPOZ is indicated for the treatment of adult and pediatric patients 1 year of age and older with CD55-deficient protein-losing enteropathy, also known as CHAPLE disease. VEOPOZ i",others
aflibercept,These highlights do not include all the information needed to use AHZANTIVE safely and effectively. See full prescribing information for AHZANTIVE. Initial U.S. Approval,others
aflibercept,EYLEA HD is indicated for the treatment of,others
aflibercept,PAVBLU is indicated for the treatment of,others
aflibercept,"fluorouracil, leucovorin, irinotecan-, is indicated for the treatment of patients with metastatic colorectal cancer",oncology
aflibercept,EYLEA is indicated for the treatment of,others
"Prothrombin complex concentrate, human","INDICATIONS AND USAGE Factor IX Complex, Profilnine SD is indicated for the prevention and control of bleeding",others
"immune globulin intravenous, human","BIVIGAM is an Immune Globulin Intravenous, 10% Liquid, indicated for the treatment of adults and pediatric patients 2 years of age and older with primary humoral immunodeficiency.",others
"immune globulin intravenous, human",Eczema vaccinatum,others
"immune globulin intravenous, human",or in individuals,others
"immune globulin intravenous, human",Progressive vaccinia,others
"immune globulin intravenous, human",Severe generalized vaccinia,others
"immune globulin intravenous, human",Vaccinia infections in individuals,others
"immune globulin intravenous, human",Aberrant infections induced by vaccinia virus,others
"immune globulin intravenous, human",VIGIV is indicated for the treatment and/or modification of the,others
"immune globulin intravenous, human",Aberrant infections induced by vaccinia virus VIGIV is not indicated for postvaccinial encephalitis,others
Exagamglogene autotemcel,1. INDICATIONS AND USAGE CASGEVY is indicated for the treatment of patients aged 12 years and older with,others
lovotibeglogene autotemcel,LYFGENIA is indicated for the treatment of patients 12 years of age or older with sickle cell disease and a history of vaso-occlusive events. LYFGENIA is an autologous hematopoieti,others
lanadelumab,TAKHZYRO ® is indicated for prophylaxis to prevent attacks of hereditary angioedema in adult and pediatric patients aged 2 years and older. TAKHZYRO is a plasma kallikrein inhibito,others
velmanase alfa-tycv,1 INDICA TIONS AND USAGE LAMZEDE is indicated for the treatment of non-central nervous system manifestations of alpha-mannosidosis in adult and pediatric patients. LAMZEDE is recom,others
"antihemophilic factor (recombinant), Fc",ALTUVIIIO is indicated for use,others
ublituximab-xiiy,"BRIUMVI is indicated for the treatment of relapsing forms of multiple sclerosis, to include clinically isolated syndrome, relapsing-remitting disease, and secondary progressive dis",autoimmune
anacaulase,NEXOBRID is indicated for eschar removal,others
lecanemab,LEQEMBI is indicated for the treatment of Alzheimer’s disease. Treatment with LEQEMBI should be initiated,neurology
rozanolixizumab,RYSTIGGO is indicated for the treatment of generalized myasthenia gravis,autoimmune
somatrogon,NGENLA is indicated for the treatment of pediatric patients aged 3 years and older,others
nirsevimab,BEYFORTUS is indicated for the prevention of Respiratory Syncytial Virus lower respiratory tract disease in,infectious
valoctocogene roxaparvovec-rvox,severe hemophilia A without antibodies to adeno-associated virus serotype 5 detected by an FDA-approved test,others
donislecel-jujn,Type 1 diabetes,metabolic
"Anthrax Vaccine Adsorbed, Adjuvanted",,others
Albumin (Human),ALBUMINEX 25% is a 25% albumin solution indicated for adults and children,others
Albumin (Human),ALBUMINEX 5% is a 5% albumin solution indicated for adults and children,others
"Coagulation Factor IX (Recombinant), GlycoPEGylated",Perioperative management of bleeding,others
"Coagulation Factor IX (Recombinant), GlycoPEGylated",On-demand treatment and control of bleeding episodes,others
"Coagulation Factor IX (Recombinant), GlycoPEGylated",Routine prophylaxis to reduce the frequency of bleeding episodes,others
"Coagulation Factor IX (Recombinant), GlycoPEGylated","REBINYN, Coagulation Factor IX, GlycoPEGylated, is a recombinant DNA-derived coagulation Factor IX concentrate indicated for use",others
"Coagulation Factor IX (Recombinant), GlycoPEGylated","Routine prophylaxis to reduce the frequency of bleeding episodes REBINYN, Coagulation Factor IX, GlycoPEGylated, is a recombinant DNA-derived coagulation Factor IX concentrate indi",others
Respiratory Syncytial Virus Vaccine,,others
delandistrogene moxeparvovec-rokl,Duchenne muscular dystrophy,others
insulin aspart,NOVOLOG is indicated to improve glycemic control,others
insulin aspart,The proportions of rapid-acting and long-acting insulins are fixed and do not allow for basal versus prandial dose adjustments,others
insulin aspart,Insulin Aspart Protamine and Insulin Aspart Mix 70/30 is a mixture of insulin aspart protamine and insulin aspart indicated to improve glycemic control,others
insulin aspart,The proportions of rapid-acting and long-acting insulins in Insulin Aspart Protamine and Insulin Aspart Mix 70/30 are fixed and do not allow for basal versus prandial dose adjustme,others
insulin aspart,NOVOLOG MIX 70/30 is a mixture of insulin aspart protamine and insulin aspart indicated to improve glycemic control,others
insulin aspart,The proportions of rapid-acting and long-acting insulins in NOVOLOG MIX 70/30 are fixed and do not allow for basal versus prandial dose adjustments. NOVOLOG MIX 70/30 is a mixture,others
insulin aspart,KIRSTY is indicated to improve glycemic control,others
insulin aspart,KIRSTY is rapid acting human insulin analog indicated to improve glycemic control,others
insulin aspart,diabetes mellitus,metabolic
insulin aspart,Insulin Aspart is indicated to improve glycemic control,others
insulin aspart,MERILOG is indicated to improve glycemic control,others
glofitamab,"relapsed or refractory diffuse large B-cell lymphoma, not otherwise specified or large B-cell lymphoma arising from follicular lymphoma",oncology
efgartigimod alfa and hyaluronidase,VYVGART HYTRULO is indicated for the treatment of adult patients with,others
retifanlimab-dlwr,ZYNYZ is a programmed death receptor-1–blocking antibody indicated,others
Varicella Virus Vaccine Live,,others
"Measles, Mumps, Rubella and Varicella Virus Vaccine Live",Rx Only,others
Fecal Microbiota Spores,VOWST is indicated to prevent the recurrence of Clostridioides difficile infection in individuals 18 years of age and older,infectious
"Respiratory Syncytial Virus Vaccine, Adjuvanted",,others
beremagene geperpavec-svdt,dystrophic epidermolysis bullosa with mutation in the collagen type VII alpha 1 chain gene,others
pegunigalsidase alfa,ELFABRIO is indicated for the treatment of adults with confirmed Fabry disease. ELFABRIO is a hydrolytic lysosomal neutral glycosphingolipid-specific enzyme indicated for the treat,others
epcoritamab,EPKINLY is a bispecific CD20-directed CD3 T-cell engager indicated,others
pancrelipase,CREON ® is indicated for the treatment of exocrine pancreatic insufficiency in adult and pediatric patients. CREON is indicated for the treatment of exocrine pancreatic insufficien,others
pancrelipase,PERTZYE ® is indicated for the treatment of exocrine pancreatic insufficiency in adult and pediatric patients. PERTZYE ® is indicated for the treatment of exocrine pancreatic insuf,others
pancrelipase,"a proton pump inhibitor, is indicated for the treatment of exocrine pancreatic insufficiency due to chronic pancreatitis or pancreatectomy",others
pancrelipase,Take 15 minutes before meals,others
pancrelipase,ZENPEP ® is indicated for the treatment of exocrine pancreatic insufficiency in adult and pediatric patients. ZENPEP ® is indicated for the treatment of exocrine pancreatic insuffi,others
pancrelipase,INDICATIONS Stimulates digestion and absorption,others
pancrelipase,PANCREAZE is indicated for the treatment of exocrine pancreatic insufficiency in adult and pediatric patients. PANCREAZE ® is indicated for the treatment of exocrine pancreatic ins,others
natalizumab-sztn,TYRUKO is an integrin receptor antagonist indicated for treatment of,others
natalizumab-sztn,TYRUKO is indicated for inducing and maintaining clinical response and remission,others
natalizumab-sztn,"In CD, TYRUKO should not be used in combination with immunosuppressants or inhibitors of TNF-α. 1.1 Multiple Sclerosis TYRUKO is indicated as monotherapy for the treatment of relap",autoimmune
ustekinumab,Ustekinumab-aekn is a human interleukin-12 and -23 antagonist indicated for the treatment of,others
ustekinumab,YESINTEK is a human interleukin-12 and -23 antagonist indicated for the treatment of,others
ustekinumab,Ustekinumab is a human interleukin-12 and -23 antagonist indicated for the treatment of,others
ustekinumab,Crohn’s disease,autoimmune
ustekinumab,psoriatic arthritis,others
ustekinumab,moderate to severe plaque psoriasis,autoimmune
ustekinumab,ulcerative colitis. Pediatric patients 6 years and older with,autoimmune
ustekinumab,IMULDOSA is a human interleukin-12 and -23 antagonist indicated for the treatment of,others
ustekinumab,psoriatic arthritis. 1.1 Plaque Psoriasis IMULDOSA is indicated for the treatment of adults and pediatric patients 6 years of age and older with moderate to severe plaque psoriasis,autoimmune
ustekinumab,USTEKINUMAB-TTWE is a human interleukin-12 and -23 antagonist indicated for the treatment of,others
ustekinumab,1. INDICATIONS AND USAGE STEQEYMA is a human interleukin-12 and -23 antagonist indicated for the treatment of,others
ustekinumab,Crohn's disease,autoimmune
ustekinumab,OTULFI is a human interleukin-12 and -23 antagonist indicated for the treatment of,others
ustekinumab,psoriatic arthritis . 1.1 Plaque Psoriasis OTULFI is indicated for the treatment of adults and pediatric patients 6 years of age and older with moderate to severe plaque psoriasis,autoimmune
ustekinumab,SELARSDI is a human interleukin-12 and -23 antagonist indicated for the treatment of,others
ustekinumab,STARJEMZA is a human interleukin-12 and -23 antagonist indicated for the treatment of,others
ustekinumab,WEZLANA is a human interleukin -12 and -23 antagonist indicated for the treatment of,others
ustekinumab,Ustekinumab-aauz is a human interleukin-12 and -23 antagonist indicated for the treatment of,others
ustekinumab,psoriatic arthritis . 1.1 Plaque Psoriasis Ustekinumab-aauz is indicated for the treatment of adults and pediatric patients 6 years of age and older with moderate to severe plaque,autoimmune
ustekinumab,STELARA is a human interleukin-12 and -23 antagonist indicated for the treatment of,others
ustekinumab,PYZCHIVA is a human interleukin-12 and -23 antagonist indicated for the treatment of,others
mirikizumab,OMVOH is indicated for the treatment of,others
toripalimab-tpzi,LOQTORZI is a programmed death receptor-1- blocking antibody indicated,others
efbemalenograstim alfa-vuxw,"1. INDICATIONS AND USAGE RYZNEUTA is indicated to decrease the incidence of infection, as manifested by febrile neutropenia",infectious
"Meningococcal Groups A, B, C, W and Y Vaccine","Penicillin G Potassium for Injection, USP may be initiated before results of such tests are known",others
"Meningococcal Groups A, B, C, W and Y Vaccine","however, once these results become available, appropriate therapy should be continued. CLINICAL INDICATION INFECTING ORGANISM Septicemia, empyema, pneumonia, pericarditis, endocard",infectious
"Meningococcal Groups A, B, C, W and Y Vaccine","Penicillin G Sodium for Injection, USP may be initiated before results of such tests are known",others
"Meningococcal Groups A, B, C, W and Y Vaccine",Penicillin G Potassium for Injection may be initiated before results of such tests are known,others
"Meningococcal Groups A, B, C, W and Y Vaccine",INDICATIONS AND USAGE Sulfadiazine Tablets are indicated in the,others
"Meningococcal Groups A, B, C, W and Y Vaccine","INDICATIONS AND USAGE sulfADIAZINE Tablets, USP are indicated in the",others
"Meningococcal Groups A, B, C, W and Y Vaccine","Penicillin G Potassium Injection, USP may be initiated before results of such tests are known",others
vedolizumab,ENTYVIO is indicated,others
cipaglucosidase alfa-atga,"POMBILITI is indicated, in combination with Opfolda, for the treatment of adult patients with late-onset Pompe disease weighing ≥40 kg and",others
tocilizumab,TOFIDENCE™ is an interleukin-6 receptor antagonist indicated for treatment of,others
tocilizumab,TOFIDENCE ® is an interleukin-6 receptor antagonist indicated for treatment of,others
tocilizumab,ACTEMRA ® is an interleukin-6 receptor antagonist indicated for treatment of,others
tocilizumab,AVTOZMA ® is an interleukin-6 receptor antagonist indicated for treatment of,others
tocilizumab,Tocilizumab-anoh is an interleukin-6 receptor antagonist indicated for treatment of,others
tocilizumab,Adult patients with rheumatoid arthritis,autoimmune
tocilizumab,Hospitalized adult patients with coronavirus disease 2019,others
tocilizumab,TYENNE® is an interleukin-6 receptor antagonist indicated for treatment of,others
tocilizumab,Adult patients with giant cell arteritis. Polyarticular Juvenile Idiopathic Arthritis,autoimmune
tocilizumab,Patients 2 years of age and older with systemic juvenile idiopathic arthritis. Cytokine Release Syndrome,autoimmune
tocilizumab,Patients 2 years of age and older with polyarticular juvenile idiopathic arthritis. Systemic Juvenile Idiopathic Arthritis,autoimmune
tocilizumab,Adults and pediatric patients 2 years of age and older with chimeric antigen receptor T cell-induced severe or life-threatening cytokine release syndrome. Coronavirus Disease 2019,others
tocilizumab,TYENNE ® is an interleukin-6 receptor antagonist indicated for treatment of,others
tocilizumab,Patients 2 years of age and older with systemic juvenile idiopathic arthritis. 1.1 Rheumatoid Arthritis TYENNE ® is indicated for the treatment of adult patients with rheumatoid ar,autoimmune
bimekizumab,BIMZELX is a humanized interleukin-17A and F antagonist indicated for the treatment of,others
infliximab,Crohn's Disease,autoimmune
infliximab,disease. Ankylosing Spondylitis,autoimmune
infliximab,and inducing and maintaining clinical remission,others
infliximab,adult patients with chronic severe plaque psoriasis,autoimmune
infliximab,"arthritis, inhibiting the progression of structural damage, and improving physical function",others
infliximab,"inducing and maintaining clinical remission and mucosal healing, and eliminating corticosteroid use",others
infliximab,reducing the number of draining enterocutaneous and rectovaginal fistulas and maintaining fistula closure,others
infliximab,ZYMFENTRA is a tumor necrosis factor blocker indicated,others
benralizumab,eosinophilic granulomatosis with polyangiitis,others
benralizumab,"severe asthma, and with an eosinophilic phenotype",others
nogapendekin alfa inbakicept-pmln,Bacillus Calmette-Guérin is indicated for the treatment of adult patients with BCG-unresponsive nonmuscle invasive bladder cancer with carcinoma in situ with or without papillary t,oncology
ixekizumab,TALTZ ® is a humanized interleukin-17A antagonist indicated for the treatment of,others
denileukin diftitox-cxdl,relapsed or refractory Stage I-III cutaneous T-cell lymphoma,oncology
nemolizumab-ilto,prurigo nodularis,others
axatilimab-csfr,NIKTIMVO is indicated for the treatment of chronic graft-versus-host disease,others
afamitresgene autoleucel,unresectable or metastatic synovial sarcoma,oncology
remestemcel-L-rknd,RYONCIL is indicated for the treatment of steroid refractory acute graft versus host disease,others
"HPC, Cord Blood",an appropriate preparative regimen for hematopoietic and immunologic reconstitution,others
acellular tissue engineered vessel-tyod,SYMVESS™ is an acellular tissue engineered vessel indicated for use,others
nivolumab and hyaluronidase,advanced RCC,others
nivolumab and hyaluronidase,Esophageal Cancer,oncology
nivolumab and hyaluronidase,Hepatocellular Carcinoma,oncology
nivolumab and hyaluronidase,MSI-H or dMMR metastatic CRC,others
nivolumab and hyaluronidase,unresectable or metastatic HCC,others
nivolumab and hyaluronidase,have disease progression during or,others
nivolumab and hyaluronidase,unresectable or metastatic melanoma,oncology
nivolumab and hyaluronidase,locally advanced or metastatic UC who,others
nivolumab and hyaluronidase,metastatic NSCLC and progression on or,others
nivolumab and hyaluronidase,Squamous Cell Carcinoma of the Head and Neck,oncology
nivolumab and hyaluronidase,"unresectable advanced, recurrent or metastatic ESCC",others
nivolumab and hyaluronidase,unresectable or metastatic hepatocellular carcinoma,oncology
nivolumab and hyaluronidase,"unresectable or metastatic HCC, as a first-line treatment",others
nivolumab and hyaluronidase,"intermediate or poor risk advanced RCC, as a first-line treatment",others
nivolumab and hyaluronidase,"advanced RCC, as a first-line treatment in combination with cabozantinib",others
nivolumab and hyaluronidase,"completely resected Stage IIB, Stage IIC, Stage III, or Stage IV melanoma",oncology
nivolumab and hyaluronidase,adult patients with recurrent or metastatic SCCHN with disease progression on or,others
nivolumab and hyaluronidase,"resectable NSCLC in the neoadjuvant setting, in combination with platinum-doublet chemotherapy",others
nivolumab and hyaluronidase,unresectable or metastatic microsatellite instability-high or mismatch repair deficient colorectal cancer,oncology
nivolumab and hyaluronidase,"unresectable or metastatic urothelial carcinoma, as first-line treatment in combination with cisplatin and gemcitabine",oncology
nivolumab and hyaluronidase,adult patients with completely resected esophageal or gastroesophageal junction cancer with residual pathologic disease,oncology
nivolumab and hyaluronidase,have disease progression within 12 months of neoadjuvant or adjuvant treatment with platinum-containing chemotherapy. Colorectal Cancer,oncology
nivolumab and hyaluronidase,"OPDIVO QVANTIG is a combination of nivolumab, a programmed death receptor-1-blocking antibody, and hyaluronidase, an endoglycosidase, indicated for the treatment of",others
nivolumab and hyaluronidase,"advanced or metastatic gastric cancer, gastroesophageal junction cancer, and esophageal adenocarcinoma whose tumors express PD-L1 in combination with fluoropyrimidine- and platinum",oncology
nivolumab and hyaluronidase,have disease progression within 12 months of neoadjuvant or adjuvant treatment with platinum-containing chemotherapy. 1.9 Microsatellite Instability-High or Mismatch Repair Deficie,others
nivolumab and hyaluronidase,"resectable NSCLC and no known EGFR mutations or ALK rearrangements, for neoadjuvant treatment, in combination with platinum-doublet chemotherapy, followed by OPDIVO QVANTIG monothe",others
nivolumab and hyaluronidase,unresectable advanced or metastatic esophageal squamous cell carcinoma as first-line treatment in combination with fluoropyrimidine- and platinum-containing chemotherapy whose tumo,oncology
zenocutuzumab-zbco,BIZENGRI® is a bispecific HER2- and HER3-directed antibody indicated for the treatment of,others
zenocutuzumab-zbco,"Adults with advanced, unresectable or metastatic pancreatic adenocarcinoma harboring a neuregulin 1 gene fusion with disease progression on or",oncology
zenocutuzumab-zbco,This indication is approved under accelerated approval based on overall response rate and duration of response. Continued approval for this indication may be contingent upon verifi,others
cosibelimab-ipdl,metastatic cutaneous squamous cell carcinoma or locally advanced CSCC,oncology
concizumab,or without FIX inhibitors,others
concizumab,or without FVIII inhibitors,others
concizumab,Alhemo is indicated for routine prophylaxis to prevent or reduce the frequency of bleeding episodes in adult and pediatric patients 12 years of age and older with,others
concizumab,or without FIX inhibitors Alhemo is a tissue factor pathway inhibitor antagonist indicated for routine prophylaxis to prevent or reduce the frequency of bleeding episodes in adult,others
Lifileucel,"unresectable or metastatic melanoma previously treated with a PD-1 blocking antibody, and if BRAF V600 mutation positive, a BRAF inhibitor with or without a MEK inhibitor",oncology
omalizumab,Moderate to severe persistent asthma,others
crovalimab-akkz,paroxysmal nocturnal hemoglobinuria and body weight of at least 40 kg,others
donanemab-azbt,KISUNLA TM is indicated for the treatment of Alzheimer's disease. Treatment with KISUNLA should be initiated,neurology
eculizumab,The treatment of patients with paroxysmal nocturnal hemoglobinuria to reduce hemolysis. The treatment of patients with atypical hemolytic uremic syndrome to inhibit complement-medi,others
eculizumab,the treatment of patients with paroxysmal nocturnal hemoglobinuria to reduce hemolysis. the treatment of patients with atypical hemolytic uremic syndrome to inhibit complement-medi,others
"Immune Globulin Subcutaneous (Human), 20% Liquid","Hizentra is an Immune Globulin Subcutaneous, 20% Liquid indicated as replacement therapy for primary humoral immunodeficiency. This includes, but is not limited to, the humoral imm",others
coagulation factor VIIa (recombinant)-jncw,SEVENFACT is indicated for the treatment and control of bleeding episodes occurring,others
"Respiratory Syncytial Virus Vaccine, mRNA (mRNA-1345)",LEQVIO ® is indicated as an adjunct to diet and exercise to reduce low-density lipoprotein cholesterol in,metabolic
"Respiratory Syncytial Virus Vaccine, mRNA (mRNA-1345)",TRYNGOLZA is indicated as an adjunct to diet to reduce triglycerides,others
"Respiratory Syncytial Virus Vaccine, mRNA (mRNA-1345)",REDEMPLO is indicated as an adjunct to diet to reduce triglycerides,others
"Respiratory Syncytial Virus Vaccine, mRNA (mRNA-1345)",AMVUTTRA is a transthyretin-directed small interfering RNA indicated for the treatment of,others
"Respiratory Syncytial Virus Vaccine, mRNA (mRNA-1345)",ONPATTRO is indicated for the treatment of the polyneuropathy of hereditary transthyretin-mediated amyloidosis,neurology
"Respiratory Syncytial Virus Vaccine, mRNA (mRNA-1345)","DivistaTM, Biotin, B6, B12, Folic Acid, Omega-3 Fatty Acids) is a prescription preparation indicated in the adjunctive treatment",others
Pneumococcal 21-valent Conjugate Vaccine,INDICATIONS AND USAGE Prevnar ® is indicated for immunization of infants and toddlers against invasive disease caused by S. pneumoniae due to capsular serotypes included in the vac,others
atidarsagene autotemcel,"pre-symptomatic late infantile, pre-symptomatic early juvenile or early symptomatic early juvenile metachromatic leukodystrophy",others
emicizumab,hemophilia A with or without factor VIII inhibitors,others
denosumab,or patients,others
denosumab,Stoboclo is a RANK ligand inhibitor indicated for treatment,others
denosumab,Bosaya is a RANK ligand inhibitor indicated for treatment,others
denosumab,Boncresa is a RANK ligand inhibitor indicated for treatment,others
denosumab,Conexxence is a RANK ligand inhibitor indicated for treatment,others
denosumab,Prevention of skeletal-related events,others
denosumab,Prolia is a RANK ligand inhibitor indicated for treatment,others
denosumab,osteoporosis at high risk for fracture,others
denosumab,Jubbonti is a RANK ligand inhibitor indicated for treatment,others
denosumab,glucocorticoid-induced osteoporosis in men and women at high risk for fracture,others
denosumab,to increase bone mass in men at high risk for fracture receiving androgen deprivation therapy for nonmetastatic prostate cancer,oncology
denosumab,"Osteoporosis at High Risk for Fracture Jubbonti is indicated for the treatment of postmenopausal women with osteoporosis at high risk for fracture, defined as a history of osteopor",others
denosumab,giant cell tumor of bone,others
denosumab,hypercalcemia of malignancy refractory to bisphosphonate therapy. 1.1 Multiple Myeloma and Bone Metastasis from Solid Tumors Wyost is indicated for the prevention of skeletal-relat,oncology
denosumab,Denosumab-bmwo is a RANK ligand inhibitor indicated for treatment,others
denosumab,Enoby is a RANK ligand inhibitor indicated for treatment,others
denosumab,Bildyos is a RANK ligand inhibitor indicated for treatment,others
denosumab,Ospomyv is a RANK ligand inhibitor indicated for treatment,others
tislelizumab-jsgr,platinum-containing chemotherapy for the first-line treatment of adults with unresectable or metastatic esophageal squamous cell carcinoma whose tumors express PD-L1,oncology
sotatercept,"pulmonary arterial hypertension to improve exercise capacity and World Health Organization functional class, and reduce the risk of clinical worsening events",cardiovascular
tarlatamab,IMDELLTRA is indicated for the treatment of adult patients with extensive stage small cell lung cancer with disease progression on or,oncology
zanidatamab-hrii,"previously treated, unresectable or metastatic HER2-positive biliary tract cancer, as detected by an FDA-approved test [see This indication is approved under accelerated approval b",oncology
eladocagene exuparvovec-tneq,aromatic L-amino acid decarboxylase deficiency,others
Obecabtagene autoleucel,relapsed or refractory B-cell precursor acute lymphoblastic leukemia,oncology
marstacimab,hemophilia B without factor IX inhibitors,others
marstacimab,"hemophilia A without factor VIII inhibitors, or",others
marstacimab,HYMPAVZI is indicated for routine prophylaxis to prevent or reduce the frequency of bleeding episodes in adult and pediatric patients 12 years of age and older with,others
marstacimab,hemophilia B without factor IX inhibitors. HYMPAVZI is a tissue factor pathway inhibitor antagonist indicated for routine prophylaxis to prevent or reduce the frequency of bleeding,others
zolbetuximab,"fluoropyrimidine- and platinum-containing chemotherapy, is indicated for the first-line treatment of adults with locally advanced unresectable or metastatic human epidermal growth",others
atezolizumab and hyaluronidase-tqjs,"TECENTRIQ HYBREZA is a combination of atezolizumab, a programmed death-ligand 1 blocking antibody, and hyaluronidase, an endoglycosidase indicated",others
guselkumab,TREMFYA is an interleukin-23 antagonist indicated for the treatment of,others
ocrelizumab and hyaluronidase-ocsq,OCREVUS ZUNOVO is indicated for the treatment of,others
lebrikizumab,EBGLYSS is indicated for the treatment of adults and pediatric patients 12 years of age and older who weigh at least 40 kg with moderate-to-severe atopic dermatitis whose disease i,others
"Antihemophilic factor (recombinant), PEGylated-aucl",ALTUVIIIO is indicated for use,others
"Smallpox and Mpox Vaccine, Live, Non-replicating","Uses temporary relief of itching associated with minor skin irritations and rashes due to eczema insect bites poison ivy, poison oak, or poison sumac soaps detergents cosmetics jew",others
"Smallpox and Mpox Vaccine, Live, Non-replicating",Live Tinted Hueguard Skin Tint Indication and Usage,others
"Smallpox and Mpox Vaccine, Live, Non-replicating",Please kindly refer to artwork,others
"Smallpox and Mpox Vaccine, Live, Non-replicating",Indications & Usage,others
"Smallpox and Mpox Vaccine, Live, Non-replicating",Uses first aid to help prevent infection in minor cuts scrapes burns,infectious
"Smallpox and Mpox Vaccine, Live, Non-replicating","Uses cures most athlete's foot, jock itch and ringworm relieves itching, burning, cracking, scaling and discomfort",others
"Smallpox and Mpox Vaccine, Live, Non-replicating",Uses,others
"Smallpox and Mpox Vaccine, Live, Non-replicating",Helps prevent sunburn,others
"Smallpox and Mpox Vaccine, Live, Non-replicating","other sun protection measures, helps decrease the risk of skin cancer and early skin aging caused by the sun",oncology
"Smallpox and Mpox Vaccine, Live, Non-replicating",Uses first aid to help prevent infection in minor,infectious
"Smallpox and Mpox Vaccine, Live, Non-replicating",Uses first aid to help prevent infection and for the temporary relief of pain or discomfort in minor,infectious
"Smallpox and Mpox Vaccine, Live, Non-replicating",VOWST is indicated to prevent the recurrence of Clostridioides difficile infection in individuals 18 years of age and older,infectious
"Smallpox and Mpox Vaccine, Live, Non-replicating",Uses Nasal congestion Removes inhaled irritants Moisturizes dry nasal passages,others
"Smallpox and Mpox Vaccine, Live, Non-replicating",colds,others
"Smallpox and Mpox Vaccine, Live, Non-replicating",fever,others
"Smallpox and Mpox Vaccine, Live, Non-replicating",chills,others
"Smallpox and Mpox Vaccine, Live, Non-replicating",stress,others
"Smallpox and Mpox Vaccine, Live, Non-replicating",fatigue,others
"Smallpox and Mpox Vaccine, Live, Non-replicating",headache,neurology
"Smallpox and Mpox Vaccine, Live, Non-replicating",aches & pains,others
"Smallpox and Mpox Vaccine, Live, Non-replicating",Temporarily Relieves Minor and Occasional,others
PAPZIMEOS,recurrent respiratory papillomatosis,others
acellular nerve allograft-arwx,Sensory nerve discontinuity,others
acellular nerve allograft-arwx,AVANCE is an acellular nerve scaffold indicated for the treatment of adult and pediatric patients aged one month and older with,others
acellular nerve allograft-arwx,Mixed and motor nerve discontinuity. This indication is approved under accelerated approval based on s2PD at 12 months in sensory nerve gaps,others
acellular nerve allograft-arwx,Sensory nerve discontinuity. This indication is approved under accelerated approval based on static two-point discrimination at 12 months in sensory nerve gaps ≤25 mm,others
"fibrinogen, human–chmt",manual compression in adult and pediatric patients as an adjunct to hemostasis in cardiovascular and hepatic surgery,others
etuvetidigene autotemcel,,others
onasemnogene abeparvovec-brve,confirmed mutation in survival motor neuron 1 gene,others
narsoplimab-wuug,hematopoietic stem cell transplant-associated thrombotic microangiopathy,cardiovascular
lerodalcibep-liga,LEROCHOL TM is indicated as an adjunct to diet and exercise to reduce low-density lipoprotein cholesterol,metabolic
depemokimab,EXDENSUR is indicated for the add‑on maintenance treatment of severe asthma characterized by an eosinophilic phenotype in adult and pediatric patients aged 12 years and older. EXDE,others
datopotamab deruxtecan,DATROWAY is a Trop-2-directed antibody and topoisomerase inhibitor conjugate indicated for the treatment of,others
letibotulinumtoxinA,corrugator and/or procerus muscle activity,others
"Chikungunya Vaccine, Recombinant",ALTUVIIIO is indicated for use,others
"Chikungunya Vaccine, Recombinant",Perioperative management of bleeding,others
"Chikungunya Vaccine, Recombinant",On-demand treatment and control of bleeding episodes,others
"Chikungunya Vaccine, Recombinant",Routine prophylaxis to reduce the frequency of bleeding episodes,others
"Chikungunya Vaccine, Recombinant","REBINYN, Coagulation Factor IX, GlycoPEGylated, is a recombinant DNA-derived coagulation Factor IX concentrate indicated for use",others
"Chikungunya Vaccine, Recombinant","Routine prophylaxis to reduce the frequency of bleeding episodes REBINYN, Coagulation Factor IX, GlycoPEGylated, is a recombinant DNA-derived coagulation Factor IX concentrate indi",others
"Chikungunya Vaccine, Recombinant","IXINITY, Coagulation Factor IX, is a human blood coagulation factor indicated",others
"Chikungunya Vaccine, Recombinant",1. Indications and Usage HYLENEX recombinant is an endoglycosidase indicated as an adjuvant in subcutaneous fluid administration for achieving hydration to increase the dispersion,others
"Chikungunya Vaccine, Recombinant","DARZALEX FASPRO is a combination of daratumumab, a CD38-directed cytolytic antibody, and hyaluronidase, an endoglycosidase, indicated for the treatment of adult patients with",others
"Chikungunya Vaccine, Recombinant","RECOTHROM Thrombin topical, is a topical thrombin indicated to aid hemostasis whenever oozing blood and minor bleeding from capillaries and small venules is accessible and control",others
"Chikungunya Vaccine, Recombinant",hereditary angioedema,others
"Chikungunya Vaccine, Recombinant",Take 15 minutes before meals,others
"Chikungunya Vaccine, Recombinant",VYVGART HYTRULO is indicated for the treatment of adult patients with,others
"Chikungunya Vaccine, Recombinant",RYLAZE is indicated as a component of a multi-agent chemotherapeutic regimen for the treatment of acute lymphoblastic leukemia and lymphoblastic lymphoma in adult and pediatric pat,oncology
"Chikungunya Vaccine, Recombinant","RYBREVANT FASPRO is a combination of amivantamab, a bispecific EGF receptor-directed and MET receptor-directed antibody, and hyaluronidase, an endoglycosidase indicated",others
"Chikungunya Vaccine, Recombinant",SEVENFACT is indicated for the treatment and control of bleeding episodes occurring,others
"Chikungunya Vaccine, Recombinant",take 15 minutes before meals,others
linvoseltamab,relapsed or refractory multiple myeloma,oncology
clesrovimab-cfor,ENFLONSIA is indicated for the prevention of respiratory syncytial virus lower respiratory tract disease in neonates and infants,infectious
garadacimab,ANDEMBRY is indicated for prophylaxis to prevent attacks of hereditary angioedema in adult and pediatric patients aged 12 years and older. ANDEMBRY is an activated Factor XII inhib,others
tenecteplase,acute ST elevation myocardial infarction,cardiovascular
tenecteplase,TNKase is a tissue plasminogen activator indicated,others
revakinagene taroretcel-lwey,idiopathic macular telangiectasia type 2,others
penpulimab-kcqx,Penpulimab-kcqx is a programmed death receptor-1-blocking antibody indicated,others
telisotuzumab vedotin,"locally advanced or metastatic, non-squamous non-small cell lung cancer with high c-Met protein overexpression [≥50% of tumor cells with strong staining], as determined by an FDA-a",oncology
nipocalimab,IMAAVY is indicated for the treatment of generalized myasthenia gravis in adult and pediatric patients 12 years of age and older,autoimmune
Prademagene zamikeracel,recessive dystrophic epidermolysis bullosa,others
sibeprenlimab-szsi,VOYXACT is indicated to reduce proteinuria,others
pertuzumab-dpzb,,others
pegloticase,"KRYSTEXXA ® is indicated, for the treatment of chronic gout",metabolic
pembrolizumab and berahyaluronidase alfa,"KEYTRUDA QLEX is a combination of pembrolizumab, a programmed death receptor-1-blocking antibody, and berahyaluronidase alfa, an endoglycosidase, indicated",others
marnetegragene autotemcel,severe leukocyte adhesion deficiency-I due to biallelic variants in ITGB2 without an available human leukocyte antigen-matched sibling donor for allogeneic hematopoietic stem cell,others
lunsotogene parvec-cwha,"severe-to-profound and profound sensorineural hearing loss associated with molecularly confirmed biallelic variants in the OTOF gene, preserved outer hair cell function, and no pri",others
tividenofusp alfa-eknm,AVLAYAH is indicated for the treatment of neurologic manifestations of Hunter syndrome,others
insulin icodec,Awiqli is indicated as an adjunct to diet and exercise to improve glycemic control,others
pegzilarginase,"Arginase 1 Deficiency, in conjunction with dietary protein restriction",others
amivantamab and hyaluronidase,"RYBREVANT FASPRO is a combination of amivantamab, a bispecific EGF receptor-directed and MET receptor-directed antibody, and hyaluronidase, an endoglycosidase indicated",others
tesamorelin,lipodystrophy,others
